"Time (s)","Acceleration (m/sÂ²)"
1.954176060E-1,3.936767578E-3
2.331274490E-1,-2.130126953E-2
2.708373450E-1,-3.543758392E-2
3.085471890E-1,-1.453399658E-2
3.462570330E-1,-2.175998688E-2
3.839669280E-1,-4.160213470E-2
4.216767720E-1,-1.627349854E-2
4.593866160E-1,1.586627960E-2
4.970965120E-1,1.468181610E-2
5.348063560E-1,9.183883667E-3
5.725162510E-1,3.532028198E-2
6.102261470E-1,1.504707336E-2
6.479359910E-1,-1.280689240E-2
6.856458870E-1,-7.569313049E-3
7.233557310E-1,1.073551178E-2
7.610656260E-1,-3.447532654E-3
7.987754700E-1,-1.665401459E-2
8.364853660E-1,-2.178192139E-3
8.741952620E-1,1.131629944E-2
9.119051060E-1,-1.628875732E-2
9.496150010E-1,-1.869201660E-3
9.873248970E-1,2.946376801E-2
1.025034793E0,2.298164368E-2
1.062744637E0,3.548622131E-3
1.100454533E0,-1.220703125E-3
1.138164428E0,-1.013946533E-2
1.175874272E0,-9.513854980E-3
1.213584168E0,-1.239776611E-5
1.251294064E0,8.840560913E-3
1.289003960E0,3.718376160E-3
1.326713803E0,3.404617310E-3
1.364423699E0,3.095626831E-3
1.402133595E0,2.839088440E-3
1.439843439E0,7.067680359E-3
1.477553335E0,2.079010010E-3
1.515263231E0,-1.597595215E-2
1.552973126E0,-1.577377319E-3
1.590683022E0,2.943992615E-3
1.628392866E0,-1.753807068E-3
1.666102762E0,-1.702308655E-3
1.703812658E0,1.177024841E-2
1.741522501E0,1.096725464E-2
1.779232397E0,1.268386841E-3
1.816942293E0,5.616188049E-3
1.854652189E0,-3.726959229E-3
1.892362033E0,9.374618530E-4
1.930071928E0,8.344650269E-4
1.967781824E0,-3.711700439E-3
2.005491720E0,9.994506836E-4
2.043201564E0,5.365371704E-3
2.080911460E0,5.159378052E-4
2.118621356E0,4.914283752E-3
2.156331251E0,9.033203125E-3
2.194041095E0,-5.002975464E-3
2.231750991E0,-2.441406250E-4
2.269460887E0,-4.777908325E-3
2.307170731E0,4.439353943E-3
2.344880626E0,-3.919601440E-4
2.382590522E0,4.034042358E-3
2.420300418E0,-5.236625671E-3
2.458010262E0,-4.882812500E-4
2.495720158E0,-5.226135254E-4
2.533430053E0,-5.397796631E-4
2.571139949E0,-5.038261414E-3
2.608849793E0,-4.770278931E-3
2.646559689E0,-3.719329834E-5
2.684269585E0,4.381179810E-3
2.721979428E0,-4.928588867E-3
2.759689324E0,-2.002716064E-4
2.797399220E0,-4.704475403E-3
2.835109064E0,-8.923530579E-3
2.872818960E0,5.003929138E-3
2.910528856E0,1.355266571E-2
2.948238699E0,3.664970398E-3
2.985948595E0,-1.098632812E-3
3.023658491E0,3.396034241E-3
3.061368335E0,-1.027584076E-2
3.099078231E0,-5.192756653E-3
3.136788126E0,-4.914283752E-3
3.174497970E0,8.761405945E-3
3.212207866E0,1.257705688E-2
3.249917762E0,2.754211426E-3
3.287627606E0,6.958007812E-3
3.325337501E0,-2.506256104E-3
3.363047397E0,-6.872177124E-3
3.400757241E0,-6.481170654E-3
3.438467137E0,2.834320068E-3
3.476177033E0,2.594947815E-3
3.513886876E0,-2.096176147E-3
3.551596772E0,1.137733459E-2
3.589306616E0,6.100654602E-3
3.627016512E0,-1.668930054E-2
3.664726408E0,-6.710052490E-3
3.702436251E0,2.620697021E-3
3.740146147E0,-1.100444794E-2
3.777855991E0,-5.871772766E-3
3.815565887E0,3.386497498E-3
3.853275783E0,3.093719482E-3
3.890985626E0,7.286071777E-3
3.928695522E0,2.267837524E-3
3.966405366E0,6.531715393E-3
4.004115262E0,1.580238342E-3
4.041825106E0,-7.510185242E-3
4.079535001E0,-2.593994141E-3
4.117244845E0,6.477355957E-3
4.154954741E0,1.513481140E-3
4.192664637E0,1.345634460E-3
4.230374481E0,5.654335022E-3
4.268084376E0,-3.705978394E-3
4.305794220E0,-3.509521484E-3
4.343504116E0,-1.225852966E-2
4.381213960E0,-2.559661865E-3
4.418923856E0,-2.455711365E-3
4.456633699E0,6.589889526E-3
4.494343595E0,1.618385315E-3
4.532053439E0,5.925178528E-3
4.569763335E0,-3.437995911E-3
4.607473178E0,-3.259658813E-3
4.645183074E0,-3.092765808E-3
4.682892918E0,1.545906067E-3
4.720602814E0,-3.075599670E-3
4.758312658E0,1.545906067E-3
4.796022553E0,5.856513977E-3
4.833732397E0,-7.985115051E-3
4.871442293E0,5.879402161E-3
4.909152137E0,9.698867798E-4
4.946862033E0,-3.629684448E-3
4.984571876E0,-3.455162048E-3
5.022281720E0,1.191139221E-3
5.059991616E0,-7.873535156E-3
5.097701460E0,-2.949714661E-3
5.135411356E0,-2.804756165E-3
5.173121199E0,1.782417297E-3
5.210831095E0,1.052856445E-2
5.248540939E0,-8.091926575E-3
5.286250835E0,-3.153800964E-3
5.323960678E0,1.456260681E-3
5.361670522E0,-3.144264221E-3
5.399380418E0,-7.452964783E-3
5.437090262E0,-2.541542053E-3
5.474800158E0,2.043724060E-3
5.512510001E0,-2.611160278E-3
5.550219897E0,6.443977356E-3
5.587929741E0,1.507759094E-3
5.625639585E0,1.355171204E-3
5.663349481E0,1.196861267E-3
5.701059324E0,-3.401756287E-3
5.738769220E0,-3.226280212E-3
5.776479064E0,-7.545471191E-3
5.814188908E0,-2.627372742E-3
5.851898803E0,-2.503395081E-3
5.889608647E0,2.079010010E-3
5.927318543E0,1.889228821E-3
5.965028387E0,6.176948547E-3
6.002738231E0,5.713462830E-3
6.040448074E0,-3.651618958E-3
6.078157970E0,-7.925987244E-3
6.115867814E0,-2.983093262E-3
6.153577710E0,1.615524292E-3
6.191287553E0,-3.010749817E-3
6.228997397E0,-2.861976624E-3
6.266707293E0,1.744270325E-3
6.304417137E0,-7.373809814E-3
6.342126981E0,1.983642578E-3
6.379836876E0,-2.683639526E-3
6.417546720E0,-7.022857666E-3
6.455256564E0,2.311706543E-3
6.492966460E0,6.555557251E-3
6.530676303E0,1.585006714E-3
6.568386147E0,-3.055572510E-3
6.606095991E0,-7.369995117E-3
6.643805887E0,2.003669739E-3
6.681515731E0,-2.664566040E-3
6.719225574E0,6.394386292E-3
6.756935470E0,1.450538635E-3
6.794645314E0,-3.165245056E-3
6.832355158E0,-3.005981445E-3
6.870065053E0,-2.857208252E-3
6.907774897E0,-2.717971802E-3
6.945484741E0,6.344795227E-3
6.983194585E0,5.854606628E-3
7.020904481E0,-3.520011902E-3
7.058614324E0,-3.336906433E-3
7.096324168E0,-1.211452484E-2
7.134034012E0,-6.893157959E-3
7.171743856E0,-2.018928528E-3
7.209453751E0,2.531051636E-3
7.247163595E0,6.775856018E-3
7.284873439E0,1.807212830E-3
7.322583283E0,1.635551453E-3
7.360293178E0,-1.192474365E-2
7.398003022E0,2.218246460E-3
7.435712866E0,6.484031677E-3
7.473422710E0,1.534461975E-3
7.511132553E0,1.364707947E-3
7.548842397E0,-3.245353699E-3
7.586552293E0,1.370429993E-3
7.624262137E0,-7.722854614E-3
7.661971981E0,-2.809524536E-3
7.699681824E0,1.793861389E-3
7.737391668E0,-2.861022949E-3
7.775101512E0,1.729011536E-3
7.812811408E0,1.545906067E-3
7.850521251E0,-7.558822632E-3
7.888231095E0,-7.106781006E-3
7.925940939E0,-1.116657257E-2
7.963650783E0,-1.542091370E-3
8.001360678E0,2.976417542E-3
8.039070522E0,-1.741409302E-3
8.076780366E0,2.790451050E-3
8.114490210E0,2.552986145E-3
8.152200053E0,2.330780029E-3
8.189909897E0,-2.343177795E-3
8.227619741E0,-2.238273621E-3
8.265329585E0,-6.623268127E-3
8.303039428E0,-1.767158508E-3
8.340749324E0,-6.167411804E-3
8.378459168E0,-1.357078552E-3
8.416169012E0,-1.317977905E-3
8.453878856E0,3.185272217E-3
8.491588699E0,-1.545906067E-3
8.529298543E0,2.972602844E-3
8.567008387E0,-1.744270325E-3
8.604718231E0,-6.146430969E-3
8.642428074E0,-5.787849426E-3
8.680137918E0,-9.870529175E-4
8.717847762E0,-5.439758301E-3
8.755557658E0,-5.128860474E-3
8.793267449E0,-3.881454468E-4
8.830977345E0,-4.138946533E-4
8.868687189E0,-4.377365112E-4
8.906397033E0,4.007339478E-3
8.944106876E0,3.688812256E-3
8.981816720E0,-5.558967590E-3
9.019526564E0,-7.896423340E-4
9.057236408E0,-7.886886597E-4
9.094946251E0,-5.253791809E-3
9.132656095E0,3.962516785E-3
9.170365939E0,1.257991791E-2
9.208075783E0,2.740859985E-3
9.245785626E0,2.490043640E-3
9.283495470E0,-6.661415100E-3
9.321205314E0,-1.802444458E-3
9.358915158E0,-6.216049194E-3
9.396625001E0,-5.853652954E-3
9.434334845E0,-1.048088074E-3
9.472044689E0,-1.046180725E-3
9.509754533E0,3.438949585E-3
9.547464376E0,3.142356873E-3
9.585174220E0,7.347106934E-3
9.622884064E0,-6.609916687E-3
9.660593856E0,2.696990967E-3
9.698303699E0,-2.001762390E-3
9.736013543E0,-6.386756897E-3
9.773723387E0,-6.012916565E-3
9.811433231E0,-1.196861267E-3
9.849143074E0,3.298759460E-3
9.886852918E0,3.026962280E-3
9.924562762E0,2.757072449E-3
9.962272606E0,-1.945495605E-3
9.999982449E0,-1.883506775E-3
1.003769229E1,-6.276130676E-3
1.007540214E1,3.024101257E-3
1.011311193E1,-1.696586609E-3
1.015082177E1,-1.635551453E-3
1.018853162E1,7.370948792E-3
1.022624146E1,2.362251282E-3
1.026395130E1,-2.314567566E-3
1.030166115E1,-2.227783203E-3
1.033937099E1,-6.597518921E-3
1.037708084E1,-1.758575439E-3
1.041479068E1,-6.159782410E-3
1.045250047E1,3.132820129E-3
1.049021031E1,7.337570190E-3
1.052792016E1,-2.152442932E-3
1.056563000E1,-2.060890198E-3
1.060333984E1,-1.975059509E-3
1.064104969E1,-1.084327698E-2
1.067875948E1,-5.706787109E-3
1.071646932E1,-9.117126465E-4
1.075417917E1,3.564834595E-3
1.080172365E1,7.727622986E-3
1.083943349E1,7.161140442E-3
1.087714328E1,-6.783485413E-3
1.091485313E1,4.784584045E-3
1.095256297E1,-5.245208740E-5
1.099027281E1,-1.087188721E-4
1.102798266E1,-9.102821350E-3
1.106569245E1,-8.547782898E-3
1.110340229E1,-3.562927246E-3
1.114111214E1,3.322601318E-3
1.117882198E1,-1.416206360E-3
1.121653182E1,3.087043762E-3
1.125424162E1,-1.631736755E-3
1.129195146E1,-1.585006714E-3
1.132966130E1,-1.493835449E-2
1.136737110E1,-5.061149597E-3
1.140508094E1,-3.252029419E-4
1.144279078E1,-3.547668457E-4
1.148050063E1,-3.814697266E-4
1.151821042E1,-4.148483276E-4
1.155592026E1,1.795768738E-3
1.159363011E1,1.055812836E-2
1.163133990E1,8.707046509E-4
1.166904974E1,7.438659668E-4
1.170675958E1,-3.824234009E-3
1.174446938E1,-3.627777100E-3
1.178217922E1,-7.919311523E-3
1.181988906E1,-2.960205078E-3
1.185759891E1,-5.960464478E-4
1.189530870E1,3.843307495E-3
1.193301854E1,-9.317398071E-4
1.197072834E1,-5.387306213E-3
1.200843818E1,1.621246338E-3
1.204614802E1,-3.022193909E-3
1.208385781E1,1.595497131E-3
1.212156766E1,-3.027915955E-3
1.215927750E1,-6.608963013E-4
1.219698729E1,6.025314331E-3
1.223469714E1,3.330230713E-3
1.227240698E1,7.502555847E-3
1.231011677E1,2.486228943E-3
1.234782662E1,-8.896827698E-3
1.238553641E1,5.702972412E-4
1.242324625E1,-8.475303650E-3
1.246095610E1,-3.495216370E-3
1.249866589E1,-1.079559326E-3
1.253637573E1,3.399848938E-3
1.257408552E1,-1.343727112E-3
1.261179537E1,3.154754639E-3
1.264950516E1,-1.050662994E-2
1.268721500E1,-3.157615662E-3
1.272492479E1,5.920410156E-3
1.276263464E1,9.927749634E-4
1.280034448E1,-1.374244690E-3
1.283805427E1,8.850097656E-4
1.287576412E1,3.016471863E-3
1.291347391E1,-3.911018372E-3
1.295118375E1,2.973556519E-3
1.298889354E1,4.844665527E-4
1.302660339E1,4.014968872E-4
1.306431318E1,2.541542053E-3
1.310202302E1,-4.395484924E-3
1.313973281E1,-8.618354797E-3
1.317744266E1,-8.102416992E-3
1.321515245E1,-9.222030640E-4
1.325286229E1,-7.602691650E-3
1.329057208E1,-4.921913147E-3
1.332828193E1,-2.410888672E-3
1.336599172E1,-9.007453918E-3
1.340370156E1,-6.225585938E-3
1.344141136E1,-1.410484314E-3
1.347912115E1,5.332946777E-3
1.351683099E1,2.676963806E-3
1.355454078E1,-4.252433777E-3
1.359225063E1,2.680778503E-3
1.362996042E1,6.917953491E-3
1.366767026E1,6.414413452E-3
1.370538005E1,1.461982727E-3
1.374308990E1,-5.402565002E-3
1.378079969E1,3.832817078E-3
1.381850948E1,-3.189086914E-3
1.385621932E1,-7.493972778E-3
1.389392912E1,8.586883545E-3
1.393163896E1,5.731582642E-3
1.396934875E1,8.230209351E-4
1.400705854E1,-3.749847412E-3
1.404476834E1,-1.025009155E-2
1.408247818E1,-7.390975952E-3
1.412018797E1,-4.716873169E-3
1.415789781E1,4.487991333E-3
1.419560761E1,6.372451782E-3
1.423331740E1,-8.049011230E-4
1.426119490E1,5.899429321E-3
1.429890240E1,5.438804626E-3
1.433661219E1,5.008697510E-3
1.437432203E1,4.607200623E-3
1.441203182E1,-2.451896667E-3
1.444974162E1,-2.340316772E-3
1.448745146E1,6.696701050E-3
1.452516125E1,1.066589355E-2
1.456287104E1,9.698867798E-4
1.460058084E1,8.535385132E-4
1.463829068E1,-3.738403320E-3
1.467600047E1,9.269714355E-4
1.471371026E1,5.263328552E-3
1.475142005E1,-4.072189331E-3
1.478912990E1,6.151199341E-4
1.482683969E1,-3.945350647E-3
1.486454948E1,-1.266574860E-2
1.490225927E1,1.526832581E-3
1.493996912E1,1.373291016E-3
1.497767891E1,5.680084229E-3
1.501538870E1,1.418304443E-2
1.505309849E1,4.237174988E-3
1.509080834E1,3.887176514E-3
1.512851813E1,-9.822845459E-3
1.516622792E1,-9.235382080E-3
1.520393771E1,-1.315307617E-2
1.524164750E1,-3.411293030E-3
1.527935735E1,5.697250366E-3
1.531706714E1,5.266189575E-3
1.535477693E1,4.863739014E-3
1.539248672E1,1.342105865E-2
1.543019651E1,-9.241104126E-4
1.546790630E1,-5.397796631E-3
1.550561615E1,-5.088806152E-3
1.554332594E1,-1.373195648E-2
1.558103573E1,-3.935813904E-3
1.561874552E1,-3.741264343E-3
1.565645531E1,-3.543853760E-3
1.569416511E1,5.558967590E-3
1.573187490E1,-3.795623779E-3
1.576958469E1,8.745193481E-4
1.580729448E1,-8.185386658E-3
1.584500432E1,1.242637634E-3
1.588271412E1,1.108169556E-3
1.592042391E1,5.448341370E-3
1.595813370E1,5.674362183E-4
1.599584349E1,4.940032959E-4
1.603355328E1,-8.524894714E-3
1.607126307E1,-3.541946411E-3
1.610897287E1,-3.341674805E-3
1.614668266E1,5.746841431E-3
1.618439245E1,8.306503296E-4
1.622210224E1,5.205154419E-3
1.625981203E1,3.404617310E-4
1.629752182E1,-4.200935364E-3
1.633523162E1,4.787445068E-4
1.637294141E1,3.795623779E-4
1.641065120E1,-4.164695740E-3
1.644836099E1,-3.954887390E-3
1.648607078E1,-3.726959229E-3
1.652378057E1,9.212493896E-4
1.656149037E1,5.273818970E-3
1.659920016E1,4.053115845E-4
1.663690995E1,3.271102905E-4
1.667461974E1,4.719734192E-3
1.671232953E1,-1.125335693E-4
1.675003932E1,-1.564025879E-4
1.678774912E1,-9.147644043E-3
1.682545891E1,-4.122734070E-3
1.686316870E1,-1.283168793E-2
1.690087849E1,-7.562637329E-3
1.693858828E1,-2.659797668E-3
1.697629807E1,1.084995270E-2
1.701400781E1,1.141548157E-3
1.705171761E1,5.463600159E-3
1.708942740E1,5.664825439E-4
1.712713719E1,-8.457183838E-3
1.716484698E1,-3.494262695E-3
1.720255677E1,1.154899597E-3
1.724026656E1,1.026153564E-3
1.727797636E1,-3.561019897E-3
1.731568610E1,1.108169556E-3
1.735339589E1,9.822845459E-4
1.739110568E1,8.649826050E-4
1.742881547E1,9.688377380E-3
1.746652526E1,5.817413330E-5
1.750423505E1,-4.465103149E-3
1.754194479E1,-8.701324463E-3
1.757965458E1,-8.172988892E-3
1.761736438E1,1.254081726E-3
1.765507417E1,-3.364562988E-3
1.769278396E1,1.275062561E-3
1.773049370E1,5.587577820E-3
1.776820349E1,6.980895996E-4
1.780591328E1,-8.334159851E-3
1.784362307E1,1.103401184E-3
1.788133281E1,-3.504753113E-3
1.791904261E1,1.128196716E-3
1.795675240E1,-3.465652466E-3
1.799446219E1,-7.752418518E-3
1.803217193E1,-2.820968628E-3
1.806988172E1,6.232261658E-3
1.810759151E1,1.299858093E-3
1.814530130E1,1.161575317E-3
1.818301104E1,1.016616821E-3
1.822072084E1,-8.051872253E-3
1.825843063E1,5.848884583E-3
1.829614037E1,-7.991790771E-3
1.833385016E1,-3.044128418E-3
1.837155995E1,6.040573120E-3
1.840926969E1,5.586624146E-3
1.844697948E1,6.809234619E-4
1.848468927E1,5.836486816E-4
1.852239901E1,4.974365234E-3
1.856010880E1,-4.342079163E-3
1.859781854E1,3.633499146E-4
1.863552834E1,2.870559692E-4
1.867323813E1,-4.251480103E-3
1.871094787E1,-4.019737244E-3
1.874865766E1,6.637573242E-4
1.878636740E1,5.033493042E-3
1.882407719E1,4.630088806E-3
1.886178693E1,-4.663467407E-3
1.889949672E1,4.512786865E-3
1.893720651E1,-4.804611206E-3
1.897491625E1,-4.568099976E-3
1.901262604E1,4.601478577E-3
1.905033578E1,-4.706382751E-3
1.908804557E1,4.488945007E-3
1.912575537E1,-3.433227539E-4
1.916346511E1,4.077911377E-3
1.920117484E1,-5.178451538E-3
1.923888464E1,-4.177093506E-4
1.927659438E1,-4.924774170E-3
1.931430380E1,-1.964569092E-4
1.936184854E1,-2.689361572E-4
1.939955834E1,-3.185272217E-4
1.943726807E1,-7.057189941E-3
1.947497787E1,-6.646156311E-3
1.951268761E1,4.377365112E-4
1.955039740E1,7.040977478E-3
1.958810714E1,-9.113311768E-3
1.962581693E1,-6.332397461E-3
1.966352667E1,-8.203506470E-3
1.970123641E1,-3.250122070E-3
1.973894620E1,-5.317687988E-3
1.977665594E1,3.895759583E-3
1.981436573E1,-8.897781372E-4
1.985207547E1,-9.806632996E-3
1.988978521E1,4.180908203E-3
1.992749500E1,1.618385315E-3
1.996520474E1,-9.715080261E-3
2.000291453E1,-6.893157959E-3
2.004062427E1,-2.017974854E-3
2.007833401E1,2.918243408E-4
2.011604380E1,2.437591553E-3
2.015375354E1,2.216339111E-3
2.019146328E1,4.260063171E-3
2.022917302E1,-5.032539368E-3
2.026688281E1,-2.880096436E-4
2.030459255E1,-4.795074463E-3
2.034230229E1,-6.775856018E-3
2.038001208E1,-4.140853882E-3
2.041772182E1,2.783775330E-3
2.045543156E1,2.531051636E-3
2.049314136E1,2.312660217E-3
2.053085110E1,2.090454102E-3
2.056856084E1,-3.318786621E-4
2.060627057E1,-4.843711853E-3
2.064398037E1,-4.578590393E-3
2.068169011E1,-6.558418274E-3
2.071939984E1,-6.179809570E-3
2.075710959E1,5.348205566E-3
2.079481938E1,2.698898315E-3
2.083252912E1,2.452850342E-3
2.087023886E1,2.238273621E-3
2.090794860E1,-6.903648376E-3
2.094565834E1,-4.277229309E-3
2.098336807E1,2.650260925E-3
2.102107787E1,-2.052307129E-3
2.105878761E1,-8.672714233E-3
2.109649735E1,-1.446723938E-3
2.113420708E1,3.066062927E-3
2.117191682E1,-1.656532288E-3
2.120962656E1,-3.829956055E-3
2.124733630E1,-1.392364502E-3
2.128504604E1,-8.049011230E-3
2.132275584E1,1.030254364E-2
2.136046557E1,-8.309364319E-3
2.139817531E1,-1.674842834E-2
2.143588505E1,2.183914185E-3
2.147359479E1,1.996040344E-3
2.151130453E1,-1.159572601E-2
2.154901427E1,2.765655518E-4
2.158672401E1,2.440452576E-3
2.162443375E1,6.687164307E-3
2.166214349E1,-2.750396729E-3
2.169985323E1,-4.874229431E-3
2.173756297E1,8.799552917E-3
2.177527271E1,1.455307007E-3
2.181298245E1,-1.434040070E-2
2.185069219E1,8.898735046E-3
2.188840193E1,8.262634277E-3
2.192611167E1,-7.980346680E-3
2.196382141E1,-7.915496826E-4
2.200153115E1,1.484489441E-2
2.203924089E1,-8.533477783E-3
2.207695063E1,-1.696491241E-2
2.211466037E1,8.672714233E-3
2.215237011E1,1.697635651E-2
2.219007984E1,-1.548671722E-2
2.222778958E1,-1.227474213E-2
2.226549932E1,-3.490447998E-4
2.230320901E1,-2.609252930E-3
2.234091875E1,-1.587963104E-2
2.237862849E1,5.228042603E-3
2.241633823E1,9.296417236E-3
2.245404797E1,4.150390625E-3
2.249175771E1,-5.118370056E-3
2.252946745E1,4.090309143E-3
2.256717714E1,1.494121552E-2
2.260488688E1,-1.291275024E-2
2.264259662E1,-9.365081787E-4
2.268030636E1,5.775451660E-3
2.271801610E1,-1.360893250E-3
2.275572584E1,-3.569602966E-3
2.279343552E1,-1.150131226E-3
2.282131063E1,1.675510406E-2
2.285902037E1,1.558780670E-2
2.289673011E1,1.449775696E-2
2.293443979E1,-4.385948181E-3
2.297214953E1,-4.144668579E-3
2.300985927E1,-3.934860229E-3
2.304756901E1,-8.173942566E-3
2.308527870E1,1.270294189E-3
2.312298844E1,-3.316879272E-3
2.316069818E1,-3.146171570E-3
2.319840787E1,-7.437705994E-3
2.323611761E1,1.956939697E-3
2.327382734E1,1.791954041E-3
2.331153708E1,6.086349487E-3
2.334924677E1,5.644798279E-3
2.338695651E1,7.677078247E-4
2.342466625E1,-3.786087036E-3
2.346237594E1,5.347251892E-3
2.350008568E1,4.739761353E-4
2.353779542E1,-8.543014526E-3
2.357550511E1,-3.558158875E-3
2.361321484E1,-3.372192383E-3
2.365092453E1,1.268386841E-3
2.368863427E1,5.581855774E-3
2.372634396E1,5.173683167E-3
2.376405370E1,4.776954651E-3
2.380176344E1,-8.992195129E-3
2.383947313E1,-8.444786072E-3
2.387718287E1,1.000404358E-3
2.391489255E1,-3.584861755E-3
2.395260229E1,-3.413200378E-3
2.399031198E1,1.014709473E-2
2.402802172E1,4.919052124E-3
2.406573141E1,9.006500244E-3
2.410344115E1,-9.512901306E-3
2.414115084E1,-4.479408264E-3
2.417886057E1,2.346038818E-4
2.421657026E1,-4.316329956E-3
2.425428000E1,-1.747989655E-2
2.429198969E1,-2.966880798E-3
2.432969943E1,1.630783081E-3
2.436740912E1,-2.997398376E-3
2.440511886E1,1.618385315E-3
2.444282854E1,5.908012390E-3
2.448053823E1,5.447387695E-3
2.451824797E1,-3.900527954E-3
2.455595766E1,-8.158683777E-3
2.459366740E1,-3.199577332E-3
2.463137708E1,-3.022193909E-3
2.466908682E1,-2.888679504E-3
2.470679651E1,1.703262329E-3
2.474450620E1,1.538276672E-3
2.478221594E1,1.383781433E-3
2.481992563E1,1.223564148E-3
2.485763531E1,5.539894104E-3
2.489534505E1,2.745246887E-2
2.493305474E1,3.003692627E-2
2.497076443E1,5.030059814E-2
2.500847417E1,8.261203766E-2
2.504618386E1,1.127710342E-1
2.508389354E1,1.409339905E-1
2.512160328E1,1.895523071E-1
2.515931297E1,2.170791626E-1
2.519702266E1,2.516880035E-1
2.523473234E1,2.750568390E-1
2.527244208E1,2.968683243E-1
2.531015177E1,3.127565384E-1
2.534786146E1,3.141870499E-1
2.538557115E1,3.110399246E-1
2.542328084E1,3.304500580E-1
2.546099057E1,3.217668533E-1
2.549870026E1,3.270463943E-1
2.553640995E1,3.364572525E-1
2.557411964E1,3.631057739E-1
2.561182938E1,3.745784760E-1
2.564953906E1,3.763532639E-1
2.568724875E1,3.869428635E-1
2.572495844E1,3.834085464E-1
2.576266813E1,3.845949173E-1
2.580037781E1,3.723001480E-1
2.583808750E1,3.608093262E-1
2.587579724E1,3.545675278E-1
2.591350693E1,3.487234116E-1
2.595121662E1,3.343372345E-1
2.598892630E1,3.030605316E-1
2.602663599E1,2.872695923E-1
2.606434568E1,2.725114822E-1
2.610205537E1,2.498235703E-1
2.613976505E1,2.241802216E-1
2.617747474E1,1.957798004E-1
2.621518443E1,2.094707489E-1
2.625289412E1,1.820526123E-1
2.629060380E1,1.832590103E-1
2.632831349E1,1.620359421E-1
2.636602318E1,1.511783600E-1
2.640373287E1,1.365785599E-1
2.644144255E1,1.184844971E-1
2.647915224E1,1.149787903E-1
2.651686193E1,1.072406769E-1
2.655457162E1,1.000356674E-1
2.659228130E1,9.329319000E-2
2.662999099E1,9.147357941E-2
2.666770068E1,8.085823059E-2
2.670541037E1,8.881855011E-2
2.674312005E1,6.944751740E-2
2.678082974E1,5.133342743E-2
2.681853943E1,6.125450134E-2
2.685624912E1,5.710315704E-2
2.689395875E1,4.877948761E-2
2.693166844E1,5.441188812E-2
2.696937813E1,4.626750946E-2
2.700708781E1,4.313182831E-2
2.704479750E1,4.465579987E-2
2.708250719E1,4.607105255E-2
2.712021688E1,3.848361969E-2
2.715792651E1,3.586864471E-2
2.719563620E1,2.448749542E-2
2.723334589E1,6.301593781E-2
2.727105557E1,3.643131256E-2
2.730876526E1,-1.764297485E-3
2.734647490E1,3.404712677E-2
2.738418459E1,4.938125610E-3
2.742189427E1,-8.823394775E-3
2.745960396E1,6.418228149E-4
2.749731360E1,-2.177238464E-2
2.753502328E1,-4.717063904E-2
2.757273297E1,-6.641578674E-2
2.761044266E1,-6.649398804E-2
2.764815229E1,-8.888244629E-2
2.768586198E1,-1.276731491E-1
2.772357167E1,-1.415681839E-1
2.776128130E1,-1.500768661E-1
2.779899099E1,-1.356801987E-1
2.783670068E1,-1.356239319E-1
2.787441037E1,-1.623601913E-1
2.791212000E1,-1.873483658E-1
2.794982969E1,-2.151317596E-1
2.798753932E1,-2.097730637E-1
2.802524901E1,-2.271099091E-1
2.806295870E1,-2.343950272E-1
2.810066834E1,-2.367210388E-1
2.813837802E1,-2.611722946E-1
2.817608766E1,-2.393312454E-1
2.821379735E1,-2.591695786E-1
2.825150703E1,-2.866306305E-1
2.828921667E1,-2.988548279E-1
2.832692636E1,-2.790040970E-1
2.836463599E1,-2.872762680E-1
2.840234568E1,-2.860631943E-1
2.844005531E1,-2.983303070E-1
2.847776500E1,-2.650976181E-1
2.851547464E1,-2.832117081E-1
2.855318432E1,-2.777853012E-1
2.859089396E1,-2.816581726E-1
2.862860365E1,-2.808179855E-1
2.866631328E1,-2.755737305E-1
2.870402297E1,-2.751464844E-1
2.874173261E1,-3.060073853E-1
2.877944229E1,-2.946052551E-1
2.881715193E1,-2.527036667E-1
2.885486162E1,-2.582826614E-1
2.889257125E1,-2.724180222E-1
2.893028094E1,-2.409200668E-1
2.896799057E1,-2.115297318E-1
2.900570021E1,-1.975030899E-1
2.904340990E1,-2.112112045E-1
2.908111953E1,-2.061481476E-1
2.911882922E1,-1.656732559E-1
2.915653886E1,-1.457471848E-1
2.919424854E1,-1.539545059E-1
2.923195818E1,-1.884403229E-1
2.926966781E1,-1.446752548E-1
2.930737750E1,-9.934997559E-2
2.934508714E1,-1.418943405E-1
2.938279677E1,-1.414299011E-1
2.942050646E1,-9.633731842E-2
2.945821610E1,-9.443283081E-2
2.949592573E1,-1.150007248E-1
2.953363537E1,-9.847545624E-2
2.957134505E1,-4.730606079E-2
2.960905469E1,-1.067199707E-1
2.964676432E1,-9.073352814E-2
2.968447401E1,-5.797386169E-2
2.972218365E1,-4.523372650E-2
2.975989328E1,-6.905364990E-2
2.979760292E1,-6.005573273E-2
2.983531255E1,-6.059265137E-2
2.987302224E1,-5.218601227E-2
2.991073188E1,-3.535270691E-2
2.994844151E1,-4.198455811E-2
2.998615115E1,-3.925704956E-2
3.002386078E1,-5.459976196E-2
3.006157047E1,-4.208946228E-2
3.009928011E1,8.430480957E-4
3.013698974E1,-1.713180542E-2
3.017469938E1,-2.048587799E-2
3.021240901E1,-3.700542450E-2
3.025011865E1,-4.352092743E-2
3.028782834E1,-4.066562653E-2
3.032553797E1,-2.462387085E-2
3.036324761E1,-5.152702332E-3
3.040095724E1,2.644348145E-2
3.043866688E1,-2.101898193E-3
3.047637651E1,-5.559635162E-2
3.051408615E1,-6.089019775E-2
3.055179578E1,-1.668834686E-2
3.058950542E1,6.727218628E-3
3.062721505E1,-7.173538208E-3
3.066492469E1,-2.016258240E-2
3.070263432E1,7.935523987E-3
3.074034396E1,2.872467041E-3
3.077805360E1,-1.076889038E-2
3.081576323E1,-4.586315155E-2
3.085347287E1,6.280899048E-3
3.089118250E1,5.811691284E-3
3.092889214E1,-5.270767212E-2
3.096660177E1,-4.034423828E-2
3.100431141E1,2.035999298E-2
3.104202104E1,1.895236969E-2
3.107973068E1,8.704185486E-3
3.111744031E1,-8.754730225E-4
3.115514995E1,-1.429462433E-2
3.119285958E1,-4.453659058E-3
3.123056922E1,-8.691787720E-3
3.126827886E1,-3.050136566E-2
3.130598844E1,-1.956939697E-2
3.134369807E1,8.489608765E-3
3.138140771E1,1.680088043E-2
3.141911735E1,6.690979004E-3
3.145682698E1,1.066493988E-2
3.149453662E1,2.779102325E-2
3.153224625E1,-1.879978180E-2
3.156995584E1,-5.336952209E-2
3.160766547E1,-2.306270599E-2
3.164537511E1,5.885505676E-2
3.168308474E1,2.809715271E-2
3.172079438E1,-3.637599945E-2
3.175850396E1,-4.296302795E-2
3.179621360E1,1.342010498E-2
3.183392323E1,2.587413788E-2
3.187163287E1,-7.168769836E-3
3.190934245E1,-6.757736206E-3
3.194705209E1,-1.083469391E-2
3.198476172E1,3.213882446E-3
3.202247136E1,-1.046752930E-2
3.206018094E1,-1.433372498E-2
3.209789057E1,1.781845093E-2
3.213560021E1,2.549552917E-2
3.217330979E1,3.717613220E-2
3.221101943E1,-2.342414856E-2
3.224872906E1,-3.532886505E-2
3.228643865E1,-2.408599854E-2
3.232414828E1,2.213382721E-2
3.236185792E1,-6.209373474E-3
3.239956750E1,7.558822632E-3
3.243727714E1,1.599025726E-2
3.247498677E1,2.828407288E-2
3.251269636E1,-3.615188599E-2
3.255040599E1,-2.486991882E-2
3.258811557E1,3.534317017E-3
3.262582521E1,1.218032837E-2
3.266353484E1,-6.533622742E-3
3.270124443E1,-1.697540283E-3
3.273895406E1,-6.103515625E-3
3.277666365E1,1.212310791E-2
3.281437328E1,-1.553440094E-2
3.285208287E1,-1.455020905E-2
3.288979250E1,-4.698753357E-3
3.292750208E1,2.236270905E-2
3.296521172E1,2.947807312E-3
3.300292130E1,-2.411556244E-2
3.304063094E1,-2.704238892E-2
3.307834052E1,5.958557129E-3
3.311605016E1,3.677654266E-2
3.315375974E1,2.989768982E-3
3.319146938E1,2.755165100E-3
3.322917896E1,-1.089572906E-2
3.326688860E1,-5.755424500E-3
3.330459818E1,-9.717941284E-4
3.334230776E1,-9.909629822E-3
3.338001740E1,-3.671646118E-4
3.341772698E1,1.300525665E-2
3.345543662E1,2.994918823E-2
3.349314620E1,-3.467369080E-2
3.353085578E1,-3.689384460E-2
3.356856542E1,-7.706642151E-3
3.360627500E1,1.063919067E-2
3.364398459E1,2.326869965E-2
3.368169422E1,3.783226013E-3
3.371940380E1,-1.888561249E-2
3.375711339E1,-2.216053009E-2
3.379482302E1,1.943302155E-2
3.383253261E1,2.202987671E-4
3.387024219E1,-2.218818665E-2
3.390795182E1,-7.375717163E-3
3.394566141E1,1.983356476E-2
3.398337099E1,-1.283740997E-2
3.402108057E1,-3.117561340E-3
3.405879021E1,-1.190757751E-2
3.409649979E1,2.007007599E-2
3.413420938E1,7.677078247E-4
3.417191896E1,1.851558685E-2
3.420962860E1,4.854393005E-2
3.424733818E1,5.074501038E-3
3.428504776E1,-5.789089203E-2
3.432275734E1,-1.837539673E-2
3.436046693E1,3.640365601E-2
3.439817651E1,7.125854492E-3
3.443588615E1,-2.466011047E-2
3.447359573E1,3.738403320E-3
3.451130531E1,1.683998108E-2
3.454901490E1,3.355598450E-2
3.458672448E1,-3.129673004E-2
3.462443406E1,-3.821086884E-2
3.466214365E1,8.953094482E-3
3.469985328E1,3.065395355E-2
3.473756287E1,-7.178306580E-3
3.477527245E1,-2.463150024E-2
3.481298203E1,1.270771027E-2
3.485069162E1,4.754447937E-2
3.488840120E1,-3.271102905E-4
3.492611078E1,-3.162193298E-2
3.496382037E1,-1.168251038E-2
3.500152995E1,2.032279968E-2
3.503923953E1,-7.887840271E-3
3.507694912E1,-2.972984314E-2
3.511465870E1,3.498077393E-3
3.515236828E1,2.557945251E-2
3.519007787E1,-7.443428040E-3
3.522778745E1,-2.934837341E-2
3.526549703E1,-5.094528198E-3
3.530320662E1,2.647590637E-2
3.534091620E1,-2.133369446E-3
3.537862578E1,-1.991081238E-2
3.541633537E1,-5.219459534E-3
3.545404495E1,1.742649078E-2
3.549175453E1,2.514648438E-2
3.552946412E1,-2.124881744E-2
3.556717365E1,-6.485939026E-3
3.560488323E1,-6.110191345E-3
3.564259281E1,1.213932037E-2
3.568030240E1,2.019882202E-2
3.571801198E1,9.830474854E-3
3.575572156E1,-4.448032379E-2
3.579343115E1,-1.478672028E-2
3.583114068E1,3.529167175E-2
3.586885026E1,2.396488190E-2
3.590655985E1,-3.576469421E-2
3.594426943E1,2.019405365E-2
3.598197901E1,2.329063416E-2
3.601968860E1,-5.871295929E-2
3.605739813E1,-6.382656097E-2
3.609510771E1,3.862571716E-2
3.613281729E1,2.259731293E-2
3.617052688E1,-2.363777161E-2
3.620823641E1,1.811885834E-2
3.624594599E1,3.024482727E-2
3.628365557E1,-2.992057800E-2
3.632136516E1,-3.246116638E-2
3.635907469E1,-4.826259613E-2
3.639678427E1,2.186965942E-2
3.643449386E1,6.059646606E-2
3.647220344E1,7.373809814E-3
3.650991297E1,-3.783512115E-2
3.654762255E1,-3.987121582E-2
3.658533214E1,3.863525391E-2
3.662304167E1,3.598594666E-2
3.666075125E1,-3.346538544E-2
3.669846084E1,-1.788520813E-2
3.673617037E1,4.130554199E-2
3.677387995E1,2.510070801E-2
3.681158948E1,-3.022384644E-2
3.684929906E1,-2.379417419E-2
3.688700865E1,1.795673370E-2
3.692471818E1,7.776260376E-3
3.696242776E1,-2.854347229E-2
3.700013729E1,-2.222537994E-2
3.703784688E1,2.835369110E-2
3.707555641E1,3.535175323E-2
3.711326599E1,-1.175594330E-2
3.715097552E1,-2.890014648E-2
3.718868511E1,-2.193450928E-4
3.722639469E1,4.199028015E-3
3.726410422E1,-1.849174500E-2
3.730181380E1,-3.943443298E-3
3.733952334E1,7.410049438E-4
3.737723292E1,9.564399719E-3
3.741494245E1,1.332664490E-2
3.745265203E1,2.578830719E-2
3.749036156E1,-2.067470551E-2
3.752807115E1,-2.829742432E-2
3.756578068E1,4.499912262E-2
3.760349021E1,-3.399944305E-2
3.764119979E1,-4.963970184E-2
3.767890932E1,3.848552704E-2
3.771661891E1,3.586387634E-2
3.775432844E1,-3.357696533E-2
3.779203802E1,-1.355075836E-2
3.782974755E1,2.299404144E-2
3.786745709E1,1.245498657E-2
3.790516667E1,2.052402496E-2
3.794287620E1,1.244544983E-3
3.798058573E1,-3.355026245E-3
3.801829531E1,-4.788112640E-2
3.805600485E1,-4.031467438E-2
3.809371443E1,-1.989364624E-3
3.813142396E1,5.614089966E-2
3.816913349E1,4.790210724E-2
3.820684302E1,2.683830261E-2
3.824455261E1,-4.646492004E-2
3.828226214E1,-5.239105225E-2
3.831997167E1,-4.294395447E-3
3.835768125E1,3.604888916E-4
3.839539078E1,1.815128326E-2
3.843310031E1,2.586078644E-2
3.847080985E1,1.518535614E-2
3.850851943E1,-1.716327667E-2
3.854622896E1,-3.843593597E-2
3.858393849E1,1.319122314E-2
3.862164802E1,4.352188110E-2
3.865935761E1,2.269840240E-2
3.869706714E1,-1.906394958E-2
3.873477667E1,-3.572559357E-2
3.877248620E1,-1.106739044E-2
3.881019573E1,-1.039505005E-2
3.884790531E1,-9.784698486E-3
3.888561484E1,1.314449310E-2
3.892332438E1,2.563381195E-2
3.896103391E1,6.009101868E-3
3.899874344E1,-1.678943634E-2
3.903645297E1,-1.575756073E-2
3.907416255E1,-5.825996399E-3
3.911187208E1,1.239395142E-2
3.914958162E1,-2.423572540E-2
3.918729115E1,-1.376914978E-2
3.922500068E1,-3.985404968E-3
3.926271021E1,3.644561768E-2
3.930041974E1,2.951335907E-2
3.933812927E1,-2.165222168E-2
3.937583880E1,-1.134204865E-2
3.941354834E1,-1.687049866E-3
3.945125787E1,4.306697845E-2
3.948896740E1,1.782131195E-2
3.952667693E1,-5.487918854E-2
3.956438646E1,-5.576133728E-2
3.960209599E1,5.064868927E-2
3.963980552E1,1.150417328E-2
3.967751511E1,1.070880890E-2
3.971522458E1,-3.026962280E-2
3.975293412E1,-4.171848297E-2
3.979064365E1,-1.224803925E-2
3.982835318E1,1.976966858E-2
3.986606271E1,2.289867401E-2
3.990377224E1,2.135372162E-2
3.994148177E1,2.029418945E-3
3.997919130E1,-3.837108612E-2
4.001690084E1,-3.142356873E-2
4.005461037E1,1.975822449E-2
4.009231990E1,4.965686798E-2
4.013002943E1,2.840709686E-2
4.016773896E1,-2.713680267E-2
4.020544849E1,-7.480621338E-3
4.024315797E1,-2.936363220E-2
4.028086750E1,-6.321525574E-2
4.031857703E1,2.136802673E-2
4.035628656E1,4.225730896E-2
4.039399610E1,1.260566711E-2
4.043170563E1,-6.146430969E-3
4.046941511E1,-1.473522186E-2
4.050712464E1,4.055976868E-3
4.054483417E1,-9.664535522E-3
4.058254370E1,-9.072303772E-3
4.062025323E1,-1.746940613E-2
4.065796271E1,-2.972602844E-3
4.069567224E1,1.952934265E-2
4.073338177E1,2.262687683E-2
4.077109130E1,-1.468086243E-2
4.080880078E1,-2.714920044E-2
4.084651031E1,1.034259796E-2
4.088421985E1,1.851940155E-2
4.092192938E1,-9.577751160E-3
4.095963886E1,-7.247924805E-5
4.099734839E1,8.809089661E-3
4.103505792E1,-7.610321045E-4
4.107276745E1,-1.864433289E-2
4.111047693E1,-8.524894714E-3
4.114818646E1,1.435756683E-2
4.118589594E1,5.802154541E-2
4.122360547E1,9.418487549E-3
4.126131500E1,-3.148174286E-2
4.129902448E1,-1.600170135E-2
4.133673401E1,2.076244354E-2
4.137444354E1,-1.642036438E-2
4.141215302E1,-4.219341278E-2
4.144986255E1,-2.603244781E-2
4.148757203E1,5.158424377E-2
4.152528156E1,1.681709290E-2
4.156299110E1,-3.352069855E-2
4.160070057E1,-4.544258118E-3
4.163841011E1,1.611709595E-4
4.167611958E1,4.028415680E-2
4.171382912E1,1.070022583E-2
4.175153865E1,-4.811382294E-2
4.178924813E1,1.311492920E-2
4.182695766E1,3.454113007E-2
4.186466714E1,5.387306213E-3
4.190237667E1,-2.180767059E-2
4.194008615E1,6.427764893E-3
4.197779568E1,2.384090424E-2
4.201550516E1,-2.693176270E-2
4.205321469E1,-5.648136139E-2
4.209092417E1,-1.261520386E-2
4.212863370E1,1.940155029E-2
4.216634318E1,-8.754730225E-3
4.220405266E1,5.171775818E-3
4.224176219E1,2.713584900E-2
4.227947167E1,2.084159851E-2
4.231718120E1,-7.388114929E-3
4.235489068E1,-3.820228577E-2
4.239260021E1,-1.340389252E-2
4.243030969E1,9.738922119E-3
4.246801917E1,4.537582397E-3
4.250572870E1,-4.781723022E-3
4.254343818E1,-4.673004150E-5
4.258114771E1,3.117084503E-2
4.261885719E1,2.012538910E-2
4.265656667E1,-2.146625519E-2
4.269427620E1,-2.455234528E-2
4.273198568E1,1.721668243E-2
4.276969516E1,2.046871185E-2
4.280740469E1,-1.669025421E-2
4.284511417E1,-2.009677887E-2
4.288282365E1,-9.412765503E-4
4.292053318E1,-9.450912476E-4
4.295824266E1,7.966995239E-3
4.299595214E1,-1.548767090E-3
4.303366167E1,-1.463890076E-3
4.307137115E1,3.048896790E-3
4.310908063E1,-1.688003540E-3
4.314679016E1,7.289886475E-3
4.318449964E1,6.768226624E-3
4.322220912E1,-2.053356171E-2
4.325991860E1,-5.848884583E-3
4.329762813E1,-1.445865631E-2
4.333533761E1,-9.079933167E-3
4.337304708E1,-1.299095154E-2
4.341075656E1,5.674362183E-3
4.344846604E1,3.204536438E-2
4.348617557E1,6.561183929E-2
4.352388505E1,-5.497837067E-2
4.356159453E1,-4.243659973E-2
4.359930401E1,5.264282227E-4
4.363701349E1,1.385498047E-2
4.367472302E1,2.183055878E-2
4.371243250E1,-1.989650726E-2
4.375014198E1,-3.650474548E-2
4.378785146E1,-2.888679504E-3
4.382556094E1,1.688003540E-3
4.386327042E1,1.041984558E-2
4.390097995E1,-1.269626617E-2
4.393868943E1,5.948066711E-3
4.397639891E1,9.946823120E-3
4.401410839E1,1.814460754E-2
4.405181787E1,7.933616638E-3
4.408952734E1,-1.948451996E-2
4.412723682E1,-1.377487183E-2
4.416494630E1,4.942893982E-3
4.420265584E1,5.821037292E-2
4.424036531E1,-1.270389557E-2
4.427807479E1,-4.765510559E-2
4.431578427E1,-8.805274963E-3
4.435349375E1,1.851463318E-2
4.439120323E1,-9.603500366E-3
4.442891271E1,-9.025573730E-3
4.446662219E1,-4.002571106E-3
4.450433167E1,9.598731995E-3
4.454204115E1,-4.502296448E-3
4.457975063E1,-1.766204834E-2
4.461746011E1,1.471996307E-2
4.465516958E1,4.729270935E-3
4.469287906E1,8.835792542E-3
4.473058860E1,-7.295608521E-4
4.476829807E1,3.756523132E-3
4.480600755E1,3.432273865E-3
4.484371703E1,7.610321045E-3
4.488142651E1,-1.977348328E-2
4.491913599E1,1.725864410E-2
4.495684542E1,-6.305694580E-3
4.499455495E1,-3.720283508E-2
4.503226443E1,-3.552436829E-3
4.506997386E1,2.344989777E-2
4.510768334E1,3.954887390E-3
4.514539281E1,-2.764034271E-2
4.518310229E1,2.328395844E-2
4.522081177E1,3.061389923E-2
4.525852125E1,-7.205009460E-3
4.529623073E1,-6.791114807E-3
4.533394021E1,-1.938819885E-3
4.537164969E1,1.155471802E-2
4.540935917E1,4.652023315E-2
4.544706865E1,3.184318542E-3
4.548477813E1,-2.384757996E-2
4.552248761E1,-1.335906982E-2
4.556019709E1,-8.036613464E-3
4.559790656E1,-3.437614441E-2
4.563561604E1,-5.448913574E-2
4.567332547E1,3.842639923E-2
4.571103495E1,6.707477570E-2
4.574874443E1,-2.231788635E-2
4.578645391E1,-4.769611359E-2
4.582416339E1,-8.880615234E-3
4.586187287E1,9.537696838E-3
4.589958235E1,-1.020431519E-4
4.593729182E1,8.780479431E-3
4.597500130E1,3.671646118E-3
4.601271073E1,7.839202881E-3
4.605042021E1,2.814292908E-3
4.608812969E1,7.033348083E-3
4.612583917E1,-1.134204865E-2
4.616354865E1,-1.956844330E-2
4.620125813E1,-4.913330078E-3
4.623896755E1,8.765220642E-3
4.627667703E1,-9.757041931E-3
4.631438651E1,1.763725281E-2
4.635209599E1,-1.930618286E-2
4.638980547E1,-2.701663971E-2
4.642751495E1,2.831172943E-2
4.646522438E1,2.636718750E-2
4.650293386E1,-2.208709717E-3
4.654064334E1,6.836891174E-3
4.657835281E1,-1.155185699E-2
4.661606229E1,-3.318119049E-2
4.665377172E1,-1.315307617E-2
4.669148120E1,2.787113190E-2
4.672919068E1,8.096694946E-3
4.676690016E1,3.022193909E-3
4.680460958E1,-1.062965393E-2
4.684231906E1,3.422737122E-3
4.688002854E1,-1.353263855E-3
4.691773802E1,-2.812957764E-2
4.695544750E1,-8.439064026E-3
4.699315693E1,1.887226105E-2
4.703086641E1,4.163742065E-3
4.706857589E1,-6.456375122E-4
4.710628537E1,1.274490356E-2
4.714399479E1,2.943992615E-3
4.718170427E1,-1.768112183E-3
4.721941375E1,7.231712341E-3
4.725712323E1,2.246856689E-3
4.729483266E1,-1.133155823E-2
4.733254214E1,-1.062679291E-2
4.737025162E1,3.446578979E-3
4.740796104E1,-2.364921570E-2
4.744567052E1,-3.551864624E-2
4.748338000E1,2.486991882E-2
4.752108948E1,5.293846130E-3
4.755879891E1,-8.525848389E-3
4.759650839E1,-8.040428162E-3
4.763421787E1,-2.991771698E-2
4.767192729E1,2.114295959E-2
4.770963677E1,3.751182556E-2
4.774734625E1,-2.757263184E-2
4.778505568E1,-3.028202057E-2
4.782276516E1,1.185417175E-2
4.786047464E1,1.544666290E-2
4.789818406E1,5.416870117E-3
4.793589354E1,4.989624023E-3
4.797360302E1,4.596710205E-3
4.801131245E1,-1.810359955E-2
4.804902193E1,5.362510681E-3
4.808673141E1,4.882812500E-4
4.812444084E1,3.900527954E-4
4.816215031E1,9.245872498E-3
4.819985974E1,-9.304046631E-3
4.823756922E1,4.671096802E-3
4.827527870E1,1.324844360E-2
4.831298813E1,3.402709961E-3
4.835069761E1,-1.028442383E-2
4.838840709E1,-1.859188080E-2
4.842611651E1,4.935264587E-3
4.846382599E1,4.556655884E-3
4.850153542E1,-1.816177368E-2
4.853924490E1,-3.612518311E-3
4.857695438E1,1.442813873E-2
4.861466380E1,1.341056824E-2
4.865237328E1,-9.881973267E-3
4.869008271E1,8.578300476E-3
4.872779219E1,-9.813308716E-4
4.876550162E1,3.923320770E-2
4.880321110E1,5.286216736E-3
4.884092052E1,-3.085517883E-2
4.887863000E1,-1.098155975E-2
4.891633948E1,2.541732788E-2
4.895404891E1,-1.207637787E-2
4.899175839E1,-2.027130127E-2
4.902946781E1,-1.082420349E-3
4.906717729E1,3.020572662E-2
4.910488672E1,2.367496490E-2
4.914259620E1,-9.204864502E-3
4.918030563E1,-8.594512939E-3
4.921801511E1,9.825706482E-3
4.925572458E1,-1.321220398E-2
4.929343401E1,-2.578258514E-2
4.933114349E1,-1.516532898E-2
4.936885292E1,1.260948181E-2
4.940656240E1,-6.163597107E-3
4.944427182E1,-5.799293518E-3
4.948198130E1,3.468513489E-3
4.951969073E1,-1.269340515E-3
4.955740021E1,1.214122772E-2
4.959510964E1,-1.553440094E-2
4.963281912E1,-5.477142334E-2
4.967052854E1,2.923965454E-2
4.970823802E1,4.508686066E-2
4.974594745E1,-3.392410278E-2
4.978365693E1,-4.515266418E-2
4.982136636E1,1.586723328E-2
4.985907584E1,3.262138367E-2
4.989678526E1,4.379081726E-2
4.993449474E1,6.303787231E-4
4.997220417E1,-3.069591522E-2
5.000991360E1,-2.423286438E-2
5.004762307E1,-1.823329926E-2
5.008533250E1,-1.711845398E-2
5.012304198E1,-2.501106262E-2
5.016075141E1,2.125453949E-2
5.019846089E1,8.678627014E-2
5.023617031E1,2.291011810E-2
5.027387979E1,-5.459976196E-2
5.031158922E1,-1.973819733E-2
5.034929865E1,-5.083084106E-3
5.038700813E1,-2.718639374E-2
5.042471755E1,1.029014587E-2
5.046242703E1,4.530811310E-2
5.050013646E1,6.525993347E-3
5.053784589E1,-1.184082031E-2
5.057555537E1,-3.344440460E-2
5.061326479E1,-8.959770203E-3
5.065097427E1,1.390838623E-2
5.068868370E1,2.630424500E-2
5.072639313E1,6.639480591E-3
5.076410261E1,-1.172924042E-2
5.080181203E1,-1.099205017E-2
5.083952151E1,7.524490356E-3
5.087723094E1,-2.431106567E-2
5.091494037E1,2.640628815E-2
5.095264984E1,-6.670951843E-3
5.099035927E1,1.158905029E-2
5.102806870E1,-2.944278717E-2
5.106577818E1,-9.664535522E-3
5.110348761E1,-1.316070557E-4
5.114119708E1,1.321411133E-2
5.117890651E1,-1.452636719E-2
5.121661594E1,4.239082336E-3
5.125432537E1,-1.397037506E-2
5.129203484E1,1.370811462E-2
5.132974427E1,3.794670105E-3
5.136745375E1,7.957458496E-3
5.140516318E1,-1.541137695E-3
5.144287261E1,3.872013092E-2
5.148058203E1,-2.646064758E-2
5.151829151E1,-2.920913696E-2
5.155600094E1,1.289558411E-2
5.159371037E1,7.498741150E-3
5.163141984E1,-7.346153259E-2
5.166912927E1,5.198478699E-2
5.170683870E1,4.401302338E-2
5.174454813E1,-1.701641083E-2
5.178225761E1,-3.382587433E-2
5.181996703E1,1.747703552E-2
5.185767646E1,-1.945686340E-2
5.189538594E1,-2.717399597E-2
5.193309537E1,5.500125885E-2
5.197080479E1,6.021785736E-2
5.200851422E1,-5.994224548E-2
5.204622370E1,-1.132965088E-2
5.208393313E1,-6.178855896E-3
5.212164255E1,-1.388549805E-3
5.215935198E1,-1.923656464E-2
5.219706146E1,3.561115265E-2
5.223477089E1,3.317165375E-2
5.227248031E1,-2.269077301E-2
5.231018974E1,-3.462314606E-2
5.234789917E1,-1.092910767E-3
5.238560865E1,-5.552291870E-3
5.242331807E1,-9.731292725E-3
5.246102750E1,-2.155303955E-4
5.249873693E1,8.681297302E-3
5.253644636E1,2.145099640E-2
5.257415584E1,-6.829261780E-3
5.261186526E1,-2.430629730E-2
5.264957469E1,-4.034042358E-4
5.268728412E1,1.743888855E-2
5.272499354E1,-2.397441864E-2
5.276270297E1,-9.022712708E-3
5.280041240E1,-4.005432129E-3
5.283812188E1,1.854515076E-2
5.287583130E1,-6.074905396E-4
5.291354073E1,8.309364319E-3
5.295125016E1,-2.356147766E-2
5.298895958E1,3.155803680E-2
5.302666901E1,7.086753845E-3
5.306437849E1,-6.853103638E-3
5.310208792E1,-2.878475189E-2
5.313979735E1,1.328277588E-2
5.317750677E1,2.573108673E-2
5.321521620E1,1.054096222E-2
5.325292563E1,-4.828548431E-2
5.329063505E1,-9.384155273E-3
5.332834448E1,-1.776313782E-2
5.336605391E1,1.907157898E-2
5.340376339E1,1.326560974E-2
5.344147281E1,2.129077911E-2
5.347918224E1,-3.379440308E-2
5.351689167E1,-3.607177734E-2
5.355460110E1,-6.054973602E-2
5.359231052E1,-1.187229156E-2
5.363001995E1,-1.004467010E-1
5.366772938E1,-6.701564789E-2
5.370543880E1,-8.941459656E-2
5.374314823E1,-1.147928238E-1
5.378085766E1,-1.608114243E-1
5.381856709E1,-1.367406845E-1
5.385627651E1,-1.768026352E-1
5.389398594E1,-2.008152008E-1
5.393169537E1,-2.187585831E-1
5.396940479E1,-2.086963654E-1
5.400711422E1,-2.573671341E-1
5.404482365E1,-3.117399216E-1
5.408253307E1,-2.776184082E-1
5.412024250E1,-2.323617935E-1
5.415795193E1,-2.928647995E-1
5.419566136E1,-3.001699448E-1
5.423337078E1,-3.114233017E-1
5.427108021E1,-3.621854782E-1
5.430878964E1,-3.648786545E-1
5.434649906E1,-3.138141632E-1
5.438420849E1,-3.018560410E-1
5.442191792E1,-3.085699081E-1
5.445962734E1,-2.791042328E-1
5.449733677E1,-2.873449326E-1
5.453504620E1,-3.173694611E-1
5.457275563E1,-2.783832550E-1
5.461046505E1,-2.420167923E-1
5.464817448E1,-2.348642349E-1
5.468588391E1,-2.013673782E-1
5.472359334E1,-1.835336685E-1
5.476130276E1,-1.892127991E-1
5.479901219E1,-1.453771591E-1
5.483672162E1,-1.446619034E-1
5.487443104E1,-1.439790726E-1
5.491214042E1,-1.255054474E-1
5.494984998E1,-1.082477570E-1
5.498755941E1,-1.010894775E-1
5.502526883E1,-1.033468246E-1
5.506297826E1,-6.525039673E-2
5.510068769E1,-9.221458435E-2
5.513839711E1,-9.058189392E-2
5.517610654E1,-5.333995819E-2
5.521381592E1,-8.111381531E-2
5.525152534E1,-4.897117615E-2
5.528923477E1,-3.682231903E-2
5.532694420E1,-8.801364899E-2
5.536465362E1,-5.539417267E-2
5.540236305E1,-4.283142090E-2
5.544007243E1,-7.130622864E-2
5.547778185E1,-3.534793854E-2
5.551549128E1,-2.410697937E-2
5.555320071E1,-3.596210480E-2
5.559091013E1,-4.256153107E-2
5.562861951E1,-2.190589905E-2
5.566632894E1,-2.942752838E-2
5.570403836E1,-2.753448486E-2
5.574174779E1,-3.469467163E-2
5.577945722E1,-3.691101074E-2
5.581716659E1,-3.003215790E-2
5.585487602E1,-1.022624969E-2
5.589258545E1,-3.640747070E-2
5.593029487E1,-3.851032257E-2
5.596800425E1,-9.191513062E-3
5.600571368E1,-4.174232483E-3
5.604342310E1,-2.629184723E-2
5.608113253E1,-1.120281219E-2
5.611884191E1,-1.050376892E-2
5.615655133E1,-2.325153351E-2
5.619426076E1,-1.281547546E-2
5.623197019E1,-3.081321716E-3
5.626967956E1,-3.419113159E-2
5.630738899E1,-2.749252319E-2
5.634509842E1,1.000404358E-2
5.638280779E1,-1.752471924E-2
5.642051722E1,-1.193714142E-2
5.645822664E1,-2.255439758E-3
5.649593602E1,-2.003383636E-2
5.653364545E1,-3.216552734E-2
5.657135487E1,-3.268241882E-3
5.660906425E1,1.923465729E-2
5.664677368E1,8.956909180E-3
5.668448310E1,-9.554862976E-3
5.672219248E1,-8.965492249E-3
5.675990191E1,-2.628707886E-2
5.679761133E1,-6.730079651E-3
5.683532071E1,2.589225769E-3
5.687303013E1,-2.111434937E-3
5.691073956E1,2.448081970E-3
5.694844894E1,-2.009487152E-2
5.698615836E1,3.529548645E-3
5.702386774E1,2.111434937E-2
5.706157717E1,4.645919800E-2
5.709928659E1,4.776477814E-2
5.713699597E1,6.685256958E-2
5.717470540E1,8.468055725E-2
5.721241477E1,1.102533340E-1
5.725012420E1,1.251897812E-1
5.728783362E1,1.703796387E-1
5.732554300E1,1.544923782E-1
5.736325243E1,1.798772812E-1
5.740096180E1,1.946372986E-1
5.743867123E1,2.128791809E-1
5.747638060E1,2.388238907E-1
5.751409003E1,2.541208267E-1
5.755179941E1,2.371311188E-1
5.758950883E1,2.971906662E-1
5.762721821E1,3.130626678E-1
5.766492763E1,2.921276093E-1
5.770263701E1,3.083353043E-1
5.774034644E1,2.832651138E-1
5.777805581E1,3.223981857E-1
5.781576524E1,3.097887039E-1
5.785347461E1,3.069534302E-1
5.789118404E1,3.043079376E-1
5.792889342E1,2.884378433E-1
5.796660284E1,2.512817383E-1
5.800431222E1,2.970027924E-1
5.804202165E1,2.905521393E-1
5.807973102E1,2.398815155E-1
5.811744045E1,2.283048630E-1
5.815514982E1,1.996507645E-1
5.819285920E1,1.996746063E-1
5.823056862E1,1.728811264E-1
5.826827800E1,1.702232361E-1
5.830598743E1,1.543893814E-1
5.834369680E1,1.529798508E-1
5.838140618E1,1.114501953E-1
5.841911560E1,6.375503540E-2
5.845682498E1,6.838703156E-2
5.849453440E1,4.591178894E-2
5.853224378E1,1.600074768E-2
5.856995316E1,5.506801605E-2
5.860766258E1,1.114654541E-2
5.864537196E1,1.419067383E-3
5.868308133E1,-7.658958435E-3
5.872079076E1,3.301715851E-2
5.875850013E1,2.183246613E-2
5.879620951E1,2.031135559E-2
5.883391894E1,3.677177429E-2
5.887162831E1,4.767036438E-2
5.890933769E1,5.784130096E-2
5.894704711E1,4.945278168E-2
5.898475649E1,6.843852997E-2
5.902246586E1,7.722568512E-2
5.906017524E1,8.542633057E-2
5.909788467E1,7.073020935E-2
5.913559404E1,8.829689026E-2
5.917330342E1,8.682727814E-2
5.921101284E1,5.865478516E-2
5.924872222E1,5.469417572E-2
5.928643159E1,5.991458893E-2
5.932414097E1,5.138778687E-2
5.936185040E1,5.236053467E-2
5.939955977E1,3.988647461E-2
5.943726914E1,5.057716370E-2
5.947497852E1,3.373813629E-2
5.951268795E1,3.588962555E-2
5.955039732E1,3.344631195E-2
5.958810670E1,4.456424713E-2
5.962581607E1,1.472854614E-2
5.966352545E1,4.751205444E-3
5.970123487E1,4.903316498E-2
5.973894425E1,5.462932587E-2
5.977665362E1,1.967144012E-2
5.981436300E1,1.384258270E-2
5.985207237E1,8.387565613E-3
5.988978175E1,7.761955261E-3
5.992749112E1,1.611042023E-2
5.996520055E1,3.733444214E-2
6.000290993E1,2.587699890E-2
6.004061930E1,1.769065857E-3
6.007832868E1,-2.891540527E-3
6.011603805E1,1.955032349E-2
6.015374743E1,1.372909546E-2
6.019145680E1,2.169609070E-2
6.022916618E1,-6.614685059E-3
6.026687555E1,7.159233093E-3
6.030458493E1,1.556396484E-2
6.034229435E1,5.558967590E-3
6.038000373E1,5.122184753E-3
6.041771310E1,4.714965820E-3
6.045542248E1,8.799552917E-3
6.049313185E1,8.162498474E-3
6.053084123E1,7.567405701E-3
6.056855060E1,2.546310425E-3
6.060625998E1,6.775856018E-3
6.064396935E1,1.791954041E-3
6.068167873E1,1.055431366E-2
6.071938810E1,5.332946777E-3
6.075709748E1,-1.293849945E-2
6.079480685E1,-3.194808960E-3
6.083251623E1,5.884170532E-3
6.087022560E1,9.756088257E-4
6.090793498E1,5.325317383E-3
6.094564435E1,4.903793335E-3
6.098335373E1,6.008148193E-5
6.102106310E1,-1.049041748E-5
6.105877248E1,-6.008148193E-5
6.109648185E1,-1.068115234E-4
6.113419123E1,-1.668930054E-4
6.117190060E1,-2.222061157E-4
6.120960998E1,4.191398621E-3
6.124731935E1,-6.208419800E-4
6.128502873E1,-5.097389221E-3
6.132273810E1,-3.404617310E-4
6.136044743E1,4.096984863E-3
6.139815680E1,-7.085800171E-4
6.143586618E1,-7.123947144E-4
6.147357555E1,-5.183219910E-3
6.151128493E1,4.028320312E-3
6.154899430E1,3.708839417E-3
6.158670368E1,-1.054763794E-3
6.162441305E1,-1.050949097E-3
6.166212237E1,7.901191711E-3
6.169983175E1,-6.076812744E-3
6.173754112E1,7.678031921E-3
6.177525050E1,2.632141113E-3
6.181295987E1,2.389907837E-3
6.185066925E1,-2.285957336E-3
6.188837862E1,2.281188965E-3
6.192608795E1,2.062797546E-3
6.196379732E1,-2.607345581E-3
6.200150670E1,-2.484321594E-3
6.203921607E1,-2.385139465E-3
6.207692545E1,2.172470093E-3
6.211463477E1,-2.515792847E-3
6.215234414E1,2.039909363E-3
6.219005352E1,-2.612113953E-3
6.222776290E1,-2.472877502E-3
6.226547227E1,2.090454102E-3
6.230318159E1,6.367683411E-3
6.234089097E1,-3.055572510E-3
6.237860034E1,-7.369995117E-3
6.241630972E1,-6.945610046E-3
6.245401904E1,-6.548881531E-3
6.249172842E1,2.770423889E-3
6.252943779E1,-1.930236816E-3
6.256714711E1,-1.835823059E-3
6.260485649E1,-1.764297485E-3
6.264256586E1,2.768516541E-3
6.268027524E1,2.549171448E-3
6.271798456E1,-1.108741760E-2
6.275569394E1,1.191711426E-2
6.279340331E1,-2.343177795E-3
6.283111263E1,2.233505249E-3
6.286882201E1,-2.448081970E-3
6.290653138E1,-2.335548401E-3
6.294424071E1,-6.713867188E-3
6.298195008E1,-1.859664917E-3
6.301965946E1,-6.254196167E-3
6.305736878E1,-1.436233521E-3
6.309507816E1,3.074645996E-3
6.313278748E1,-6.114006042E-3
6.317049685E1,3.149986267E-3
6.320820623E1,2.873420715E-3
6.324591555E1,-6.318092346E-3
6.328362493E1,2.985000610E-3
6.332133425E1,1.165294647E-2
6.335904362E1,1.876831055E-3
6.339675300E1,-1.171398163E-2
6.343446232E1,2.415657043E-3
6.347217170E1,6.671905518E-3
6.350988102E1,-7.224082947E-3
6.354759040E1,-2.356529236E-3
6.358529972E1,6.682395935E-3
6.362300909E1,6.171226501E-3
6.366071847E1,-1.215648651E-2
6.369842779E1,1.987457275E-3
6.373613717E1,-2.676963806E-3
6.377384649E1,-7.031440735E-3
6.381155586E1,-2.144813538E-3
6.384926519E1,2.397537231E-3
6.388697456E1,-1.120758057E-2
6.392468388E1,-1.592636108E-3
6.396239326E1,7.395744324E-3
6.400010258E1,-2.080917358E-3
6.403781196E1,-1.993179321E-3
6.407552128E1,7.006645203E-3
6.411323060E1,-2.438545227E-3
6.415093998E1,-2.343177795E-3
6.418864930E1,-2.252578735E-3
6.422635868E1,-2.168655396E-3
6.426406800E1,-6.558418274E-3
6.430177737E1,-1.719474792E-3
6.433948670E1,7.261276245E-3
6.437719607E1,-2.206802368E-3
6.441490540E1,-6.592750549E-3
6.445261477E1,7.180213928E-3
6.449032409E1,-6.749153137E-3
6.452803342E1,-1.882553101E-3
6.456574279E1,2.657890320E-3
6.460345211E1,-1.096916199E-2
6.464116144E1,-1.028823853E-2
6.467887081E1,8.198738098E-3
6.471658013E1,7.601737976E-3
6.475428951E1,2.561569214E-3
6.479199883E1,1.127338409E-2
6.482970816E1,-2.927780151E-3
6.486741753E1,-2.783775330E-3
6.490512685E1,-2.663612366E-3
6.494283618E1,1.929283142E-3
6.498054555E1,1.733779907E-3
6.501825487E1,1.567840576E-3
6.505596420E1,-3.051757812E-3
6.509367357E1,-7.366180420E-3
6.513138290E1,2.007484436E-3
6.516909222E1,-1.157665253E-2
6.520680154E1,2.529144287E-3
6.524451092E1,6.776809692E-3
6.528222024E1,1.807212830E-3
6.531992956E1,-2.845764160E-3
6.535763894E1,6.226539612E-3
6.539534826E1,-1.210498810E-2
6.543305758E1,2.036094666E-3
6.547076690E1,-2.615928650E-3
6.550847628E1,-2.491950989E-3
6.554618560E1,6.556510925E-3
6.558389493E1,-7.330894470E-3
6.562160425E1,-2.425193787E-3
6.565931362E1,2.135276794E-3
6.569702295E1,-7.005691528E-3
6.573473227E1,-2.137184143E-3
6.577244159E1,2.405166626E-3
6.581015092E1,2.194404602E-3
6.584786029E1,-6.936073303E-3
6.588556961E1,6.860733032E-3
6.592327894E1,-2.595901489E-3
6.596098826E1,-2.489089966E-3
6.599869758E1,-6.855964661E-3
6.603640690E1,6.950378418E-3
6.607411628E1,-2.511978149E-3
6.611182560E1,2.055168152E-3
6.614953493E1,1.868247986E-3
6.618724425E1,1.692771912E-3
6.622495357E1,1.528739929E-3
6.626266290E1,-3.089904785E-3
6.630037222E1,-2.934455872E-3
6.633808159E1,-2.789497375E-3
6.637579092E1,-1.160335541E-2
6.641350024E1,1.597690582E-2
6.645120956E1,5.986213684E-3
6.648891888E1,-1.675415039E-2
6.652662821E1,-1.116466522E-2
6.656433753E1,-1.042938232E-2
6.660204685E1,8.139610291E-3
6.663975618E1,1.206970215E-2
6.667746550E1,6.790161133E-3
6.671517482E1,-2.940464020E-2
6.675288415E1,-4.530429840E-2
6.679059347E1,-6.014251709E-2
6.682830279E1,-7.400798798E-2
6.686601211E1,-8.695030212E-2
6.690372144E1,-1.079463959E-1
6.694143076E1,-1.275415421E-1
6.697914008E1,-1.368989944E-1
6.701684940E1,-1.768913269E-1
6.705455873E1,-1.695737839E-1
6.709226805E1,-1.984777451E-1
6.712997737E1,-2.209711075E-1
6.716768670E1,-2.732305527E-1
6.720539602E1,-2.684087753E-1
6.724310534E1,-3.130559921E-1
6.728081467E1,-2.653951645E-1
6.731852399E1,-3.102273941E-1
6.735623331E1,-2.806043625E-1
6.739394263E1,-3.065729141E-1
6.743165196E1,-3.442087173E-1
6.746936128E1,-3.391370773E-1
6.750707060E1,-3.522539139E-1
6.754477993E1,-3.376789093E-1
6.758248925E1,-3.687753677E-1
6.762019857E1,-3.799161911E-1
6.765790790E1,-3.813810349E-1
6.769561717E1,-3.604154587E-1
6.773332649E1,-3.631792068E-1
6.777103581E1,-3.434104919E-1
6.780874513E1,-3.249769211E-1
6.784645446E1,-3.301048279E-1
6.788416378E1,-3.259401321E-1
6.792187310E1,-3.131208420E-1
6.795958237E1,-2.833061218E-1
6.799729170E1,-2.778120041E-1
6.803500102E1,-2.503509521E-1
6.807271034E1,-2.336540222E-1
6.811041967E1,-2.314481735E-1
6.814812894E1,-2.026062012E-1
6.818583826E1,-1.712255478E-1
6.822354758E1,-1.687307358E-1
6.826125691E1,-1.574697495E-1
6.829896623E1,-1.469593048E-1
6.833667555E1,-1.460886002E-1
6.837438482E1,-1.408081055E-1
6.841209414E1,-1.180086136E-1
6.844980347E1,-1.012105942E-1
6.848751279E1,-1.078500748E-1
6.852522206E1,-1.096010208E-1
6.856293138E1,-9.334850311E-2
6.860064071E1,-4.691314697E-2
6.863835003E1,-5.717849731E-2
6.867605930E1,-8.464145660E-2
6.871376862E1,-7.453918457E-2
6.875147795E1,-4.277896881E-2
6.878918722E1,-8.011913300E-2
6.882689654E1,-6.136989594E-2
6.886460586E1,-3.047275543E-2
6.890231519E1,-5.077648163E-2
6.894002446E1,-7.864570618E-2
6.897773378E1,-3.766345978E-2
6.901544310E1,-1.727294922E-2
6.905315237E1,-6.972789764E-2
6.909086170E1,-3.382110596E-2
6.912857102E1,2.204513550E-2
6.916628029E1,-5.982589722E-2
6.920398961E1,-5.136394501E-2
6.924169888E1,5.666732788E-3
6.927940821E1,-1.257038116E-2
6.931711753E1,1.689910889E-3
6.935482680E1,4.625034332E-2
6.939253612E1,7.442474365E-3
6.943024545E1,3.823375702E-2
6.946795472E1,5.355358124E-2
6.950566404E1,6.785106659E-2
6.954337331E1,9.460163116E-2
6.958108263E1,9.276390076E-2
6.961879196E1,1.089191437E-1
6.965650123E1,1.150493622E-1
6.969421055E1,1.475696564E-1
6.973191982E1,1.645174026E-1
6.976962915E1,1.580028534E-1
6.980733842E1,1.876754761E-1
6.984504774E1,2.064208984E-1
6.988275701E1,2.283782959E-1
6.992046633E1,1.908063889E-1
6.995817566E1,2.093544006E-1
6.999588493E1,2.043161392E-1
7.003359425E1,2.621459961E-1
7.007130352E1,2.178726196E-1
7.010901284E1,2.435331345E-1
7.014672211E1,2.228326797E-1
7.018443144E1,2.615613937E-1
7.022214071E1,2.441310883E-1
7.025985003E1,2.814559937E-1
7.029755930E1,2.850112915E-1
7.033526862E1,2.526016235E-1
7.037297790E1,2.715024948E-1
7.041068717E1,3.070039749E-1
7.044839649E1,2.910156250E-1
7.048610576E1,2.626791000E-1
7.052381508E1,3.032236099E-1
7.056152435E1,3.098049164E-1
7.059923368E1,3.248968124E-1
7.063694295E1,3.211498260E-1
7.067465227E1,2.863531113E-1
7.071236154E1,2.627925873E-1
7.075007086E1,2.899360657E-1
7.078778013E1,2.884521484E-1
7.082548940E1,2.603025436E-1
7.086319873E1,2.608060837E-1
7.090090800E1,2.166070938E-1
7.093861727E1,2.557554245E-1
7.097632659E1,1.761856079E-1
7.101403586E1,1.956977844E-1
7.105174519E1,1.826591492E-1
7.108945446E1,2.508935928E-1
7.112716373E1,8.675003052E-2
7.116487305E1,1.077404022E-1
7.120258232E1,1.363029480E-1
7.124029159E1,1.718959808E-1
7.127800092E1,6.216716766E-2
7.131571019E1,1.250133514E-1
7.135341946E1,1.032752991E-1
7.139112878E1,1.231813431E-1
7.142883805E1,4.349517822E-2
7.146654732E1,8.078575134E-2
7.150425664E1,6.647968292E-2
7.154196592E1,1.111555099E-1
7.157967519E1,3.675460815E-2
7.161738451E1,6.557750702E-2
7.165509378E1,2.549266815E-2
7.169280305E1,9.079456329E-2
7.173051232E1,8.817672729E-3
7.176822165E1,5.737018585E-2
7.180593092E1,2.228641510E-2
7.184364019E1,8.334064484E-2
7.188134946E1,-1.155567169E-2
7.191905878E1,4.280471802E-2
7.195676805E1,2.207660675E-2
7.199447732E1,6.973361969E-2
7.203218659E1,-1.085662842E-2
7.206989592E1,4.793453217E-2
7.210760519E1,1.796340942E-2
7.214531446E1,6.144618988E-2
7.218302373E1,-1.412582397E-2
7.222073300E1,2.702331543E-2
7.225844232E1,2.902984619E-3
7.229615159E1,5.183792114E-2
7.233386086E1,-7.371902466E-4
7.237157013E1,5.293560028E-2
7.240927940E1,2.985000610E-4
7.244698868E1,5.391788483E-2
7.248469800E1,-7.683753967E-3
7.252240727E1,-2.950763702E-2
7.256011654E1,-2.757740021E-2
7.259782581E1,3.228282928E-2
7.263553508E1,2.565479279E-2
7.267324440E1,2.395248413E-2
7.271095368E1,4.024696350E-2
7.274866295E1,2.865982056E-2
7.278637222E1,-3.578662872E-2
7.282408149E1,-1.555538177E-2
7.286179076E1,1.229381561E-2
7.289950003E1,2.486610413E-2
7.293720930E1,5.360603333E-3
7.297491862E1,3.629207611E-2
7.301262790E1,7.112503052E-3
7.305033717E1,-2.013683319E-2
7.308804644E1,-5.409240723E-3
7.312575571E1,3.069210052E-2
7.316346498E1,1.525402069E-2
7.320117425E1,-1.254272461E-2
7.323888352E1,1.062774658E-2
7.327659279E1,3.670978546E-2
7.331430206E1,-5.952835083E-3
7.335201133E1,-6.363010406E-2
7.338972060E1,-5.798339844E-3
7.342742987E1,3.924655914E-2
7.346513920E1,1.875400543E-2
7.350284847E1,-2.268791199E-2
7.354055774E1,-3.011703491E-2
7.357826701E1,1.658058167E-2
7.361597628E1,3.333282471E-2
7.365368555E1,-2.246856689E-2
7.369139482E1,1.028728485E-2
7.372910409E1,6.599426270E-4
7.376681336E1,3.188991547E-2
7.380452263E1,-3.275966644E-2
7.384223190E1,-8.252143860E-3
7.387994118E1,-1.215934753E-2
7.391765045E1,5.117416382E-2
7.395535972E1,-1.923465729E-2
7.399306899E1,-4.561424255E-3
7.403077826E1,2.183914185E-4
7.406848753E1,6.273841858E-2
7.410619680E1,-3.970909119E-2
7.414390607E1,-5.771636963E-3
7.418161529E1,-9.845733643E-3
7.421932461E1,3.103542328E-2
7.425703383E1,-4.247379303E-2
7.429474310E1,2.291488647E-2
7.433245237E1,-9.882926941E-3
7.437016165E1,4.438400269E-2
7.440787092E1,-2.110481262E-2
7.444558019E1,1.605987549E-2
7.448328946E1,-3.857994080E-2
7.452099873E1,-1.367759705E-2
7.455870800E1,-3.513717651E-2
7.459641727E1,2.918243408E-3
7.463412654E1,-1.747131348E-3
7.467183576E1,4.303169250E-2
7.470954503E1,1.335906982E-2
7.474725430E1,3.548622131E-3
7.478496357E1,-1.902389526E-2
7.482267284E1,2.688407898E-2
7.486038211E1,-1.956081390E-2
7.489809138E1,-4.059314728E-2
7.493580066E1,2.320289612E-3
7.497350987E1,5.130481720E-2
7.501121914E1,-1.016807556E-2
7.504892842E1,-9.493827820E-3
7.508663769E1,-1.333522797E-2
7.512434696E1,-7.989883423E-3
7.516205623E1,2.825546265E-2
7.519976550E1,8.497238159E-3
7.523747472E1,-1.439952850E-2
7.527518399E1,-1.791572571E-2
7.531289326E1,2.346897125E-2
7.535060253E1,-4.904747009E-3
7.538831175E1,-2.691936493E-2
7.542602102E1,-2.800941467E-3
7.546373029E1,4.206466675E-2
7.550143956E1,3.928565979E-2
7.553914883E1,-2.139091492E-2
7.557685810E1,-4.228973389E-2
7.561456732E1,1.860332489E-2
7.565227659E1,8.455276489E-3
7.568998586E1,-5.500793457E-3
7.572769513E1,-1.405811310E-2
7.576540435E1,2.261924744E-2
7.580311362E1,2.115345001E-2
7.584082290E1,1.083469391E-2
7.587853217E1,-2.561187744E-2
7.591624138E1,2.902984619E-3
7.595395066E1,2.506160736E-2
7.599165993E1,2.340984344E-2
7.602936914E1,-3.176498413E-2
7.606707842E1,-2.074050903E-2
7.610478769E1,1.636600494E-2
7.614249696E1,1.526069641E-2
7.618020618E1,-3.043651581E-2
7.621791545E1,-1.495361328E-2
7.625562472E1,2.626705170E-2
7.629333394E1,4.685211182E-2
7.633104321E1,-4.114151001E-2
7.636875248E1,6.298065186E-3
7.640646170E1,1.930236816E-2
7.644417097E1,3.141880035E-2
7.648188024E1,-4.214000702E-2
7.651958946E1,-4.376602173E-2
7.655729873E1,1.275730133E-2
7.659500800E1,5.213165283E-2
7.663271722E1,-2.278995514E-2
7.667042649E1,-2.571201324E-2
7.670813576E1,-6.157875061E-3
7.674584498E1,3.446102142E-2
7.678355425E1,-1.251220703E-2
7.682126347E1,-1.167011261E-2
7.685897274E1,-2.878475189E-2
7.689668201E1,-1.039505005E-4
7.693439123E1,-4.579544067E-3
7.697210050E1,1.804447174E-2
7.700980977E1,7.933616638E-3
7.704751899E1,4.312896729E-2
7.708522826E1,-4.015445709E-2
7.712293748E1,-3.750419617E-2
7.716064675E1,2.305889130E-2
7.719835597E1,3.045082092E-2
7.723606524E1,-1.626968384E-2
7.727377446E1,-1.777648926E-3
7.731148373E1,-1.058006287E-2
7.734919295E1,3.033828735E-2
7.738690222E1,1.493549347E-2
7.742461144E1,-3.934860229E-3
7.746232071E1,-2.151489258E-2
7.750002998E1,2.014350891E-2
7.753773920E1,-8.008003235E-3
7.757544847E1,-1.192760468E-2
7.761315769E1,-2.452373505E-2
7.765086696E1,2.175140381E-2
7.768857618E1,1.582622528E-2
7.772628545E1,-1.648616791E-2
7.776399467E1,-6.464004517E-3
7.780170394E1,-6.041526794E-3
7.783941316E1,3.010177612E-2
7.787712243E1,2.365303040E-2
7.791483164E1,-3.153133392E-2
7.795254086E1,-4.284954071E-2
7.799025013E1,1.859664917E-4
7.802795935E1,4.040241241E-2
7.806566862E1,6.451606750E-3
7.810337784E1,-2.524852753E-2
7.814108711E1,1.663017273E-2
7.817879633E1,1.998424530E-2
7.821650607E1,-3.684043884E-3
7.826404946E1,-3.442764282E-3
7.830175868E1,-3.216743469E-3
7.833946795E1,1.709365845E-2
7.837717717E1,4.817962646E-3
7.841488644E1,-4.015636444E-2
7.845259566E1,7.157325745E-3
7.849030487E1,-2.010536194E-2
7.852801414E1,3.038978577E-2
7.856572336E1,-1.405525208E-2
7.860343258E1,2.037715912E-2
7.864114185E1,-1.079559326E-3
7.867885107E1,5.708694458E-3
7.871656029E1,-2.594947815E-2
7.875426956E1,-1.753044128E-2
7.879197878E1,-7.247924805E-4
7.882968805E1,1.720046997E-2
7.886739727E1,-1.821517944E-3
7.890510649E1,-4.867267609E-2
7.894281576E1,-1.864433289E-2
7.898052498E1,5.628013611E-2
7.901823420E1,1.901721954E-2
7.905594347E1,-2.921390533E-2
7.909365269E1,-4.068851471E-2
7.913136190E1,1.334285736E-2
7.916907112E1,2.137184143E-2
7.920678040E1,6.516456604E-3
7.924448961E1,2.839183807E-2
7.928219883E1,5.109500885E-2
7.931990810E1,-4.833126068E-2
7.935761732E1,-1.828765869E-2
7.939532654E1,4.098033905E-2
7.943303576E1,1.367568970E-2
7.947074503E1,-5.423736572E-2
7.950845425E1,-3.049945831E-2
7.954616347E1,3.405284882E-2
7.958387274E1,2.059745789E-2
7.962158196E1,-5.898380280E-2
7.965929118E1,-5.925178528E-3
7.969700040E1,4.805183411E-2
7.973470961E1,4.485607147E-2
7.977241888E1,-2.736949921E-2
7.981012810E1,-1.881980896E-2
7.984783732E1,1.147747040E-2
7.988554654E1,4.422760010E-2
7.992325581E1,-1.142501831E-3
7.996096503E1,-3.007030487E-2
7.999867425E1,-1.687622070E-2
8.003638347E1,2.224731445E-2
8.007409269E1,5.121231079E-3
8.011180191E1,-3.990173340E-2
8.014951112E1,-2.385330200E-2
8.018722040E1,-1.556873322E-2
8.022492961E1,3.685092926E-2
8.026263883E1,2.100086212E-2
8.030034805E1,-9.428977966E-3
8.033805727E1,-4.898738861E-2
8.037576649E1,3.397941589E-3
8.041347576E1,1.208782196E-2
8.045118498E1,4.035282135E-2
8.048889420E1,8.692741394E-3
8.052660342E1,-7.474899292E-3
8.056431263E1,-5.609798431E-2
8.060202185E1,1.467037201E-2
8.063973107E1,4.763603210E-3
8.067744029E1,1.565647125E-2
8.071514956E1,-3.227043152E-2
8.075285878E1,5.620956421E-3
8.079056800E1,-2.156925201E-2
8.082827722E1,2.233123779E-2
8.086598644E1,2.085304260E-2
8.090369566E1,-2.520370483E-2
8.094140487E1,-3.694152832E-2
8.097911409E1,2.803707123E-2
8.101682331E1,1.726818085E-2
8.105453253E1,1.611900330E-2
8.109224175E1,-5.903244019E-4
8.112995097E1,-1.396560669E-2
8.116766019E1,-8.560180664E-3
8.120536940E1,1.212692261E-2
8.124307862E1,-8.760452271E-3
8.128078784E1,1.191711426E-2
8.131849706E1,4.432678223E-3
8.135620628E1,-9.271621704E-3
8.139391550E1,-2.874183655E-2
8.143162472E1,1.112270355E-2
8.146933394E1,3.943920135E-2
8.150704316E1,3.910160065E-2
8.154475237E1,-2.827262878E-2
8.158246159E1,-5.540275574E-2
8.162017081E1,4.114151001E-3
8.165788003E1,3.512096405E-2
8.169558930E1,-5.195617676E-3
8.172346383E1,-4.058837891E-2
8.176117305E1,-3.789138794E-2
8.179888227E1,-3.537464142E-2
8.183659149E1,-1.515960693E-2
8.187430071E1,-2.307415009E-2
8.191200993E1,5.440425873E-2
8.194971914E1,4.633426666E-2
8.198742836E1,-1.481246948E-2
8.202513758E1,-1.828384399E-2
8.206284680E1,1.421451569E-2
8.210055597E1,-9.069442749E-3
8.213826519E1,4.749298096E-4
8.217597440E1,9.384155273E-3
8.221368362E1,1.770496368E-2
8.225139284E1,2.097129822E-2
8.228910206E1,-2.803802490E-3
8.232681128E1,6.290435791E-3
8.236452050E1,-3.070831299E-3
8.240222972E1,1.947498322E-2
8.243993888E1,3.606796265E-2
8.247764810E1,-3.334522247E-2
8.251535732E1,-3.113079071E-2
8.255306654E1,6.633758545E-3
8.259077576E1,6.148338318E-3
8.262848498E1,-3.221511841E-3
8.266619414E1,-2.089881897E-2
8.270390336E1,2.963447571E-2
8.274161258E1,5.003929138E-2
8.277932180E1,-1.582050323E-2
8.281703102E1,-1.475811005E-2
8.285474019E1,1.746559143E-2
8.289244941E1,2.079296112E-2
8.293015862E1,-2.972316742E-2
8.296786784E1,-9.851455688E-3
8.300557706E1,-2.326965332E-4
8.304328623E1,5.338954926E-2
8.308099545E1,-2.611064911E-2
8.311870467E1,-5.562305450E-2
8.315641383E1,-7.235527039E-3
8.319412305E1,6.473731995E-2
8.323183227E1,-1.999759674E-2
8.326954149E1,-4.548358917E-2
8.330725066E1,-6.727218628E-3
8.334495987E1,9.199428558E-2
8.338266909E1,3.225994110E-2
8.342037831E1,-5.478382111E-2
8.345808748E1,-5.114078522E-2
8.349579670E1,7.287502289E-2
8.353350592E1,3.674125671E-2
8.357121508E1,-5.503845215E-2
8.360892430E1,-7.816028595E-2
8.364663352E1,6.997203827E-2
8.368434269E1,6.978130341E-2
8.372205190E1,-3.761100769E-2
8.375976112E1,-7.531261444E-2
8.379747029E1,5.924224854E-2
8.383517951E1,5.532264709E-2
8.387288868E1,-5.110168457E-2
8.391059790E1,-8.343601227E-2
8.394830711E1,3.378200531E-2
8.398601628E1,7.620429993E-2
8.402372550E1,-1.376819611E-2
8.406143472E1,-6.203174591E-2
8.409914388E1,9.094238281E-3
8.413685310E1,1.023101807E-1
8.417456227E1,1.682281494E-3
8.421227149E1,-9.225463867E-2
8.424998071E1,-2.805805206E-2
8.428768987E1,7.206821442E-2
8.432539909E1,-4.226684570E-3
8.436310826E1,-4.860401154E-2
8.440081748E1,-5.161285400E-3
8.443852665E1,7.113361359E-2
8.447623586E1,-9.527206421E-3
8.451394508E1,-4.465579987E-2
8.455165425E1,-1.494407654E-3
8.458936347E1,6.561183929E-2
8.462707263E1,1.214599609E-2
8.466478185E1,-7.353782654E-2
8.470249102E1,-5.523395538E-2
8.474020024E1,4.225349426E-2
8.477790940E1,3.498458862E-2
8.481561862E1,-2.992343903E-2
8.485332779E1,-3.242206573E-2
8.489103701E1,9.965896606E-4
8.492874618E1,5.898666382E-2
8.496645540E1,-2.088165283E-2
8.500416456E1,-3.287696838E-2
8.504187378E1,3.630542755E-2
8.507958295E1,5.175876617E-2
8.511729211E1,-2.762794495E-2
8.515500133E1,9.970664978E-3
8.519271050E1,-2.197360992E-2
8.523041972E1,-7.080078125E-3
8.526812888E1,1.572132111E-2
8.530583810E1,1.469802856E-2
8.534354727E1,-4.157066345E-3
8.538125649E1,5.989074707E-4
8.541896566E1,2.287292480E-2
8.545667482E1,-1.884269714E-2
8.549438404E1,-5.331230164E-2
8.553209321E1,-5.111694336E-3
8.556980243E1,5.331897736E-2
8.560751159E1,1.402759552E-2
8.564522076E1,-4.496479034E-2
8.568292998E1,-1.069355011E-2
8.572063914E1,3.024864197E-2
8.575834836E1,1.484584808E-2
8.579605753E1,-4.866313934E-2
8.583376670E1,-2.307796478E-2
8.587147592E1,5.440044403E-2
8.590918508E1,4.185390472E-2
8.594689425E1,-5.472755432E-2
8.598460347E1,-2.877140045E-2
8.602231263E1,5.801963806E-2
8.606002180E1,3.630924225E-2
8.609773102E1,-5.098533630E-2
8.613544019E1,-7.378578186E-3
8.617314935E1,3.332042694E-2
8.621085857E1,4.306793213E-3
8.624856774E1,-3.170490265E-2
8.628627691E1,-5.644035339E-2
8.632398612E1,9.840011597E-3
8.636169529E1,7.620716095E-2
8.639940446E1,7.118320465E-2
8.643711362E1,-6.753730774E-2
8.647482284E1,-8.092594147E-2
8.651253201E1,3.164672852E-2
8.655024118E1,2.953338623E-2
8.658795040E1,-3.499412537E-2
8.662565956E1,3.112792969E-3
8.666336873E1,4.759597778E-2
8.670107790E1,-9.163856506E-3
8.673878711E1,-6.213855743E-2
8.678633092E1,-5.797863007E-2
8.682404008E1,-5.410003662E-2
8.686174925E1,3.439426422E-2
8.689945847E1,-5.722236633E-2
8.693716763E1,-7.801532745E-2
8.697487680E1,1.036138535E-1
8.701258597E1,3.870582581E-2
8.705029513E1,-4.203891754E-2
8.708800435E1,5.401611328E-3
8.712571352E1,5.418682098E-2
8.716342269E1,-7.488250732E-3
8.720113185E1,-6.981849670E-3
8.723884102E1,1.361656189E-2
8.727655019E1,1.269054413E-2
8.731425940E1,-1.047039032E-2
8.735196857E1,-5.304336548E-3
8.738967774E1,-7.189750671E-3
8.742738690E1,4.439353943E-3
8.746509607E1,1.753711700E-2
8.750280524E1,-8.209228516E-3
8.754051446E1,-1.436614990E-2
8.757822362E1,6.676673889E-3
8.761593279E1,5.535507202E-2
8.765364196E1,-1.932144165E-3
8.769135112E1,-1.073837280E-2
8.772906029E1,-1.228046417E-2
8.776676946E1,-1.370239258E-2
8.780447862E1,1.179027557E-2
8.784218784E1,1.995372772E-2
8.787989701E1,5.249977112E-3
8.791760618E1,2.053165436E-2
8.795531534E1,2.588748932E-2
8.799302451E1,-1.605510712E-2
8.803073368E1,-3.509330750E-2
8.806844284E1,-1.445770264E-3
8.810615201E1,2.325820923E-2
8.814386118E1,-2.824783325E-3
8.818157034E1,-4.511260986E-2
8.821927951E1,2.553939819E-3
8.825698868E1,2.471733093E-2
8.829469784E1,9.641647339E-3
8.833240701E1,-1.335716248E-2
8.837011618E1,5.425453186E-3
8.840782534E1,2.741527557E-2
8.844553451E1,3.006553650E-2
8.848324368E1,-7.244777679E-2
8.852095284E1,-6.767749786E-2
8.855866201E1,2.170181274E-2
8.859637118E1,4.254436493E-2
8.863408040E1,-2.949333191E-2
8.867178951E1,1.935672760E-2
8.870949868E1,6.275749207E-2
8.874720784E1,3.181076050E-2
8.878491701E1,-6.188964844E-2
8.882262618E1,-3.323173523E-2
8.886033534E1,2.924919128E-2
8.889804451E1,2.954196930E-2
8.893575368E1,-4.612350464E-2
8.897346284E1,-2.874374390E-3
8.901117201E1,4.201507568E-2
8.904888118E1,5.486774445E-2
8.908659034E1,-5.602455139E-2
8.912429951E1,-7.912635803E-2
8.916200868E1,-1.802444458E-4
8.919971784E1,7.801055908E-2
8.923742701E1,1.027965546E-2
8.927513618E1,-8.273124695E-3
8.931284534E1,-6.358909607E-2
8.935055446E1,9.884834290E-3
8.938826362E1,2.403259277E-4
8.942597279E1,1.363468170E-2
8.946368196E1,5.974769592E-3
8.950139112E1,2.791309357E-2
8.953910029E1,8.165359497E-3
8.957680946E1,-2.141284943E-2
8.961451857E1,-2.892589569E-2
8.965222774E1,1.765441895E-2
8.968993691E1,2.094936371E-2
8.972764607E1,-7.256507874E-3
8.976535524E1,-1.348400116E-2
8.980306440E1,5.220222473E-2
8.984077357E1,1.969051361E-2
8.987848269E1,-3.077983856E-2
8.991619185E1,-2.875137329E-2
8.995390102E1,2.229022980E-2
8.999161019E1,1.858806610E-2
9.002931935E1,-2.734184265E-2
9.006702847E1,-2.776622772E-2
9.010473763E1,2.322006226E-2
9.014244680E1,4.403114319E-2
9.018015597E1,-1.323699951E-3
9.021786513E1,-1.464462280E-2
9.024573961E1,-1.590728760E-2
9.028344878E1,-1.485538483E-2
9.032115795E1,-1.387405396E-2
9.035886711E1,2.724075317E-2
9.039657623E1,-1.356124878E-3
9.043428540E1,1.663970947E-2
9.047199456E1,2.897453308E-2
9.050970373E1,-8.698463440E-3
9.054741284E1,-3.490924835E-2
9.058512201E1,1.657485962E-2
9.062283118E1,2.444267273E-2
9.066054034E1,-1.737785339E-2
9.069824946E1,-2.514553070E-2
9.073595862E1,1.227092743E-2
9.077366779E1,2.528190613E-3
9.081137696E1,1.575088501E-2
9.084908607E1,-3.141403198E-3
9.088679524E1,-2.941131592E-3
9.092450441E1,-2.953720093E-2
9.096221352E1,-1.419353485E-2
9.099992269E1,-4.306793213E-3
9.103763185E1,3.621006012E-2
9.107534097E1,2.040386200E-2
9.111305013E1,-3.013134003E-2
9.115075930E1,-4.599285126E-2
9.118846842E1,2.854728699E-2
9.122617758E1,3.560161591E-2
9.126388675E1,1.089000702E-2
9.130159586E1,-3.450489044E-2
9.133930503E1,3.033542633E-2
9.137701420E1,-7.411956787E-3
9.141472331E1,2.028465271E-3
9.145243248E1,-2.939796448E-2
9.149014159E1,-5.114555359E-3
9.152785076E1,4.167556763E-3
9.156555993E1,2.621459961E-2
9.160326904E1,2.141952515E-3
9.164097821E1,-2.479171753E-2
9.167868732E1,-1.868152618E-2
9.171639649E1,3.168773651E-2
9.175410566E1,1.169967651E-2
9.179181477E1,-6.955146790E-3
9.182952394E1,-6.517410278E-3
9.186723305E1,1.624202728E-2
9.190494222E1,-7.183074951E-3
9.194265133E1,-2.012920380E-2
9.198036050E1,-5.435943604E-3
9.201806967E1,1.722812653E-2
9.205577878E1,1.608753204E-2
9.209348795E1,1.502323151E-2
9.213119706E1,-1.275920868E-2
9.216890623E1,5.966186523E-3
9.220661534E1,1.450920105E-2
9.224432451E1,-1.773262024E-2
9.228203362E1,-4.335880280E-2
9.231974279E1,3.098773956E-2
9.235745190E1,5.573558807E-2
9.239516107E1,2.526760101E-2
9.243287019E1,-4.787349701E-2
9.247057935E1,-2.234268188E-2
9.250828847E1,-1.638889313E-2
9.254599763E1,2.936553955E-2
9.258370675E1,-3.066635132E-2
9.262141592E1,2.651214600E-3
9.265912503E1,5.163192749E-2
9.269683420E1,3.515243530E-3
9.273454331E1,-5.480480194E-2
9.277225248E1,-3.332138062E-2
9.280996159E1,5.822277069E-2
9.284767076E1,2.753734589E-2
9.288537987E1,-4.128360748E-2
9.292308904E1,-5.197334290E-2
9.296079816E1,9.543418884E-3
9.299850727E1,3.572082520E-2
9.303621644E1,1.995277405E-2
9.307392555E1,-1.713562012E-2
9.311163472E1,-2.602577209E-3
9.314934383E1,3.778266907E-2
9.318705295E1,3.078937531E-2
9.322476211E1,-2.934360504E-2
9.326247123E1,-1.400184631E-2
9.330018040E1,2.267265320E-2
9.333788951E1,2.563571930E-2
9.337559862E1,-6.093025208E-2
9.341330779E1,-2.559375763E-2
9.345101690E1,4.313564301E-2
9.348872607E1,3.133487701E-2
9.352643519E1,-4.224681854E-2
9.356414430E1,9.693145752E-3
9.360185347E1,4.032230377E-2
9.363956258E1,-2.557754517E-3
9.367727170E1,-7.834529877E-2
9.371498086E1,-2.400398254E-2
9.375268998E1,3.566455841E-2
9.379039909E1,2.882766724E-2
9.382810826E1,-4.905223846E-2
9.386581737E1,-1.454639435E-2
9.390352649E1,4.000759125E-2
9.394123566E1,1.499938965E-2
9.397894477E1,-3.515911102E-2
9.401665388E1,-3.284645081E-2
9.405436300E1,5.846023560E-4
9.409207217E1,3.180789948E-2
9.412978128E1,1.627922058E-2
9.416749040E1,-3.396987915E-2
9.420519956E1,-1.384735107E-2
9.424290868E1,5.406570435E-2
9.428061779E1,-3.146171570E-3
9.431832696E1,-3.424549103E-2
9.435603607E1,1.717758179E-2
9.439374519E1,1.009387970E-1
9.443145430E1,-3.999710083E-3
9.446916342E1,-8.413410187E-2
9.450687258E1,-5.621814728E-2
9.454458170E1,4.576969147E-2
9.458229081E1,4.274845123E-2
9.461999993E1,-1.368808746E-2
9.465770904E1,-2.616214752E-2
9.469541821E1,2.371788025E-3
9.473312732E1,2.902698517E-2
9.477083644E1,2.880096436E-4
9.480854555E1,-2.205562592E-2
9.484625472E1,1.068782806E-2
9.488396383E1,9.988784790E-3
9.492167295E1,-2.195644379E-2
9.495938206E1,-2.651214600E-3
9.499709118E1,6.460189819E-3
9.503480029E1,1.591682434E-3
9.507250946E1,1.489925385E-2
9.511021857E1,-8.458137512E-3
9.514792769E1,1.029968262E-3
9.518563680E1,-1.244163513E-2
9.522334592E1,-2.649307251E-3
9.526105503E1,6.451606750E-3
9.529876414E1,6.017684937E-3
9.533647331E1,1.455783844E-2
9.537418243E1,3.594493866E-2
9.541189154E1,-6.642341614E-3
9.544960066E1,-2.405834198E-2
9.548730977E1,4.456901550E-2
9.552501888E1,8.630371094E-2
9.556272800E1,4.037475586E-2
9.560043711E1,2.429103851E-2
9.563814623E1,1.120052338E-1
9.567585534E1,1.626138687E-1
9.571356451E1,1.607360840E-1
9.575127362E1,1.276836395E-1
9.578898274E1,1.861782074E-1
9.582669185E1,2.229070663E-1
9.586440097E1,2.527265549E-1
9.590211008E1,2.001361847E-1
9.593981920E1,2.582502365E-1
9.597752831E1,3.125238419E-1
9.601523743E1,3.051137924E-1
9.605294654E1,2.624359131E-1
9.609065566E1,3.074808121E-1
9.612836477E1,3.539896011E-1
9.616607388E1,3.482809067E-1
9.620378300E1,2.759437561E-1
9.624149211E1,2.530708313E-1
9.627920123E1,2.987222672E-1
9.631691034E1,2.922153473E-1
9.635461946E1,2.950515747E-1
9.639232857E1,2.485723495E-1
9.643003769E1,2.588319778E-1
9.646774680E1,2.907180786E-1
9.650545592E1,2.757940292E-1
9.654316503E1,2.216701508E-1
9.658087415E1,2.068881989E-1
9.661858326E1,2.154378891E-1
9.665629237E1,2.055492401E-1
9.669400149E1,1.873941422E-1
9.673171060E1,1.704416275E-1
9.676941972E1,1.367368698E-1
9.680712883E1,1.275930405E-1
9.684483790E1,1.503305435E-1
9.688254701E1,1.402807236E-1
9.692025612E1,1.130352020E-1
9.695796524E1,9.207248688E-2
9.699567435E1,1.037731171E-1
9.703338347E1,8.342647552E-2
9.707109258E1,1.001892090E-1
9.710880170E1,8.903312683E-2
9.714651081E1,7.860374451E-2
9.718421993E1,4.653167725E-2
9.722192899E1,5.233478546E-2
9.725963810E1,4.881954193E-2
9.729734722E1,7.235527039E-2
9.733505633E1,6.303787231E-2
9.737276545E1,3.202533722E-2
9.741047456E1,6.114768982E-2
9.744818368E1,7.043743134E-2
9.748589279E1,1.213169098E-2
9.752360185E1,3.811264038E-2
9.756131097E1,5.344009399E-2
9.759902008E1,3.648567200E-2
9.763672920E1,7.244110107E-3
9.767443826E1,1.121711731E-2
9.771214737E1,2.832603455E-2
9.774985649E1,2.646350861E-2
9.778756560E1,2.470684052E-2
9.782527472E1,1.856040955E-2
9.786298378E1,2.624607086E-2
9.790069290E1,2.897071838E-2
9.793840201E1,1.364231110E-2
9.797611112E1,-9.593009949E-3
9.801382019E1,1.338768005E-2
9.805152930E1,3.036975861E-2
9.808923842E1,1.941394806E-2
9.812694753E1,-4.205703735E-3
9.816465665E1,1.396751404E-2
9.820236571E1,2.640914917E-2
9.824007482E1,-2.155303955E-3
9.827778394E1,-6.453514099E-3
9.831549300E1,2.521610260E-2
9.835320211E1,2.352523804E-2
9.839091123E1,-1.375007629E-2
9.842862034E1,-1.729297638E-2
9.846632941E1,1.509857178E-2
9.850403852E1,2.305126190E-2
9.854174763E1,1.255321503E-2
9.857945670E1,2.737998962E-3
9.861716581E1,1.147842407E-2
9.865487493E1,1.963710785E-2
9.869258399E1,-8.463859558E-3
9.873029310E1,-3.425598145E-3
9.876800222E1,-3.189086914E-3
9.880571128E1,-2.968788147E-3
9.884342040E1,-1.169586182E-2
9.888112946E1,-1.975059509E-3
9.891883857E1,-1.523399353E-2
9.895654769E1,-3.209495544E-2
9.899425675E1,-4.334640503E-2
9.903196586E1,-6.281757355E-2
9.906967498E1,-8.988857269E-2
9.910738404E1,-1.062202454E-1
9.914509316E1,-1.080818176E-1
9.918280222E1,-1.098203659E-1
9.922051133E1,-1.292896271E-1
9.925822045E1,-1.385469437E-1
9.929592951E1,-1.561203003E-1
9.933363862E1,-1.858854294E-1
9.937134769E1,-2.047510147E-1
9.940905680E1,-2.357950211E-1
9.944676586E1,-2.647333145E-1
9.948447498E1,-2.738933563E-1
9.952218409E1,-2.735109329E-1
9.955989316E1,-3.043832779E-1
9.959760227E1,-3.019666672E-1
9.963531133E1,-3.086452484E-1
9.967302045E1,-3.014783859E-1
9.971072951E1,-3.215894699E-1
9.974843862E1,-3.135585785E-1
9.978614769E1,-3.105297089E-1
9.982385680E1,-3.210859299E-1
9.986156586E1,-3.264894485E-1
9.989927498E1,-3.226165771E-1
9.993698404E1,-2.519855499E-1
9.997469310E1,-2.262458801E-1
1.000124022E2,-2.558202744E-1
1.000501113E2,-2.342920303E-1
1.000878204E2,-1.829481125E-1
1.001255295E2,-1.931104660E-1
1.001632386E2,-1.847286224E-1
1.002009476E2,-1.634721756E-1
1.002386567E2,-1.525659561E-1
1.002763658E2,-1.423864365E-1
1.003140749E2,-1.329202652E-1
1.003517840E2,-9.280204773E-2
1.003894931E2,-5.980777740E-2
1.004272022E2,-2.899551392E-2
1.004649112E2,-2.260494232E-2
1.005026203E2,-3.224372864E-3
1.005403294E2,5.915641785E-3
1.005780385E2,-3.421783447E-3
1.006157476E2,5.764961243E-3
1.006534566E2,-1.247787476E-2
1.006911658E2,-3.845500946E-2
1.007288748E2,-6.269931793E-2
1.007665839E2,-4.064559937E-2
1.008042930E2,-6.026077271E-2
1.008420021E2,-7.410240173E-2
1.008797111E2,-7.363796234E-2
1.009174202E2,-4.193782806E-2
1.009551293E2,-5.253410339E-2
1.009928384E2,-8.477401733E-2
1.010305475E2,-7.466411591E-2
1.010682565E2,-5.182933807E-2
1.011059656E2,-7.964897156E-2
1.011436747E2,-6.541538239E-2
1.011813838E2,-3.871250153E-2
1.012190928E2,-3.612327576E-2
1.012568020E2,-7.392215729E-2
1.012945110E2,-4.666996002E-2
1.013322201E2,-3.460025787E-2
1.013699291E2,-5.015182495E-2
1.014076383E2,-7.361698151E-2
1.014453473E2,-2.853679657E-2
1.014830564E2,-2.662658691E-2
1.015207654E2,-5.610942841E-2
1.015584746E2,-5.236053467E-2
1.015961836E2,-1.761341095E-2
1.016338927E2,-7.513999939E-3
1.016716017E2,-2.933788300E-2
1.017093109E2,-1.844120026E-2
1.017470199E2,-1.273822784E-2
1.017847290E2,-2.976417542E-2
1.018224381E2,-5.012130737E-2
1.018601471E2,-6.589889526E-3
1.018978562E2,2.808570862E-3
1.019355653E2,-1.523780823E-2
1.019732744E2,-2.763080597E-2
1.020109834E2,-7.913589478E-3
1.020486925E2,-7.411956787E-3
1.020864015E2,-6.926536560E-3
1.021241107E2,-1.538944244E-2
1.021618197E2,-5.439758301E-3
1.021995288E2,-1.848602295E-2
1.022372378E2,-1.279544830E-2
1.022749469E2,-1.195144653E-2
1.023126560E2,-2.230644226E-3
1.023503651E2,-2.074241638E-3
1.023880741E2,-1.532840729E-2
1.024257832E2,-5.382537842E-3
1.024634923E2,-5.483627319E-4
1.025012013E2,-5.207061768E-4
1.025389104E2,-1.389503479E-2
1.025766195E2,4.888534546E-3
1.026143285E2,1.049041748E-4
1.026520376E2,-8.844375610E-3
1.026897467E2,-8.246421814E-3
1.027274558E2,-3.239631653E-3
1.027651648E2,-3.032684326E-3
1.028028739E2,-2.834320068E-3
1.028405829E2,1.812934875E-3
1.028782920E2,1.683235168E-3
1.029160011E2,-2.888679504E-3
1.029537101E2,-2.704620361E-3
1.029914192E2,1.951217651E-3
1.030291283E2,-2.637863159E-3
1.030668373E2,-2.453804016E-3
1.031045464E2,-2.299308777E-3
1.031422554E2,2.312660217E-3
1.031799645E2,-6.783485413E-3
1.032176736E2,2.593040466E-3
1.032553826E2,2.410888672E-3
1.032930917E2,-6.691932678E-3
1.033308008E2,-6.255149841E-3
1.033685098E2,-5.829811096E-3
1.034062189E2,-5.450248718E-3
1.034439279E2,-5.079269409E-3
1.034816370E2,4.183769226E-3
1.035193461E2,-5.020141602E-3
1.035570551E2,4.239082336E-3
1.035947642E2,3.947257996E-3
1.036324733E2,-5.257606506E-3
1.036701823E2,-4.916191101E-3
1.037078914E2,4.352569580E-3
1.037456004E2,-4.879951477E-3
1.037833095E2,-9.822845459E-5
1.038210186E2,-8.392333984E-5
1.038587276E2,8.862495422E-3
1.038964366E2,8.279800415E-3
1.039341457E2,3.252983093E-3
1.039718548E2,-5.888938904E-3
1.040095638E2,-5.488395691E-3
1.040472729E2,-5.114555359E-3
1.040849820E2,-4.782676697E-3
1.041226910E2,9.536743164E-6
1.041604001E2,4.484176636E-3
1.041981091E2,1.310920715E-2
1.042358182E2,-1.156806946E-3
1.042735272E2,-5.537033081E-3
1.043112363E2,-6.942749023E-4
1.043489453E2,-9.590148926E-3
1.043866544E2,-8.942604065E-3
1.044243635E2,-1.282215118E-2
1.044620725E2,1.440048218E-3
1.044997815E2,1.026821136E-2
1.045374906E2,1.405906677E-2
1.045751997E2,-4.753112793E-3
1.046129087E2,2.002716064E-5
1.046506177E2,2.670288086E-5
1.046883268E2,-8.899688721E-3
1.047260359E2,5.084991455E-3
1.047637449E2,-4.179000854E-3
1.048014540E2,5.040168762E-3
1.048391630E2,2.279281616E-4
1.048768721E2,4.688262939E-3
1.049145811E2,-8.392333984E-5
1.049522902E2,-4.552841187E-3
1.049899992E2,-8.708953857E-3
1.050277083E2,-3.652572632E-3
1.050654173E2,-3.400802612E-3
1.051031264E2,1.299858093E-3
1.051408354E2,1.221656799E-3
1.051785445E2,5.615234375E-3
1.052162535E2,5.231857300E-3
1.052539626E2,-4.041671753E-3
1.052916716E2,-8.248329163E-3
1.053293807E2,1.225471497E-3
1.053670897E2,-3.331184387E-3
1.054047988E2,5.814552307E-3
1.054425078E2,9.888648987E-3
1.054802169E2,-4.178047180E-3
1.055179259E2,-3.908157349E-3
1.055556349E2,-3.656387329E-3
1.055933440E2,5.528450012E-3
1.056310531E2,5.150794983E-3
1.056687621E2,4.798889160E-3
1.057064711E2,-4.463195801E-3
1.057441802E2,3.080368042E-4
1.057818892E2,2.784729004E-4
1.058195983E2,-4.198074341E-3
1.058573073E2,5.388259888E-4
1.058950163E2,4.940032959E-4
1.059327254E2,4.520416260E-4
1.059704344E2,4.301071167E-4
1.060081435E2,3.929138184E-4
1.060458525E2,-4.107475281E-3
1.060835615E2,-3.825187683E-3
1.061212706E2,9.819984436E-3
1.061589796E2,-4.209518433E-3
1.061966887E2,5.273818970E-4
1.062343977E2,-3.982543945E-3
1.062721067E2,7.562637329E-4
1.063098158E2,-3.768920898E-3
1.063475248E2,9.555816650E-4
1.063852339E2,5.350112915E-3
1.064229429E2,-3.948211670E-3
1.064606520E2,7.715225220E-4
1.064983610E2,-3.754615784E-3
1.065360700E2,9.527206421E-4
1.065737791E2,8.974075317E-4
1.066114881E2,8.287429810E-4
1.066491972E2,5.231857300E-3
1.066869062E2,4.072189331E-4
1.067246152E2,3.881454468E-4
1.067623242E2,-4.112243652E-3
1.068000333E2,5.085945129E-3
1.068377423E2,9.203910828E-3
1.068754514E2,-3.519058228E-4
1.069131604E2,-4.786491394E-3
1.069508695E2,-1.049041748E-5
1.069885785E2,4.448890686E-3
1.070262875E2,-4.789352417E-3
1.070639965E2,-1.335144043E-5
1.071017056E2,-4.487037659E-3
1.071394146E2,4.753112793E-3
1.071771236E2,4.446029663E-3
1.072148327E2,-3.080368042E-4
1.072525417E2,-4.759788513E-3
1.072902508E2,-8.899688721E-3
1.073279598E2,-3.829002380E-3
1.073656688E2,5.352020264E-3
1.074033778E2,5.378723145E-4
1.074410869E2,5.121231079E-4
1.074787959E2,4.938125610E-3
1.075165049E2,1.516342163E-4
1.075542140E2,-8.781433105E-3
1.075919230E2,5.197525024E-3
1.076296320E2,-4.072189331E-3
1.076673411E2,6.580352783E-4
1.077050501E2,-3.858566284E-3
1.077427591E2,8.573532104E-4
1.077804682E2,5.260467529E-3
1.078181772E2,4.920005798E-3
1.078558862E2,-4.347801208E-3
1.078935952E2,-4.065513611E-3
1.079313042E2,6.637573242E-4
1.079690133E2,-3.852844238E-3
1.080067223E2,8.621215820E-4
1.080444313E2,5.265235901E-3
1.080821403E2,9.372711182E-3
1.081198494E2,-1.926422119E-4
1.081575584E2,-1.869201660E-4
1.081952674E2,-4.647254944E-3
1.082329764E2,-4.327774048E-3
1.082706855E2,-4.029273987E-3
1.083083945E2,6.980895996E-4
1.083461035E2,9.577751160E-3
1.083838126E2,-9.536743164E-7
1.084215216E2,-4.473686218E-3
1.084592306E2,4.767417908E-3
1.084969396E2,4.442214966E-3
1.085346487E2,-3.118515015E-4
1.085723577E2,-1.368045807E-2
1.086100667E2,-3.825187683E-3
1.086477757E2,9.050369263E-4
1.086854848E2,8.544921875E-4
1.087231938E2,7.905960083E-4
1.087609028E2,-3.718376160E-3
1.087986118E2,9.880065918E-4
1.088363208E2,9.145736694E-4
1.088740299E2,8.468627930E-4
1.089117389E2,8.001327515E-4
1.089494479E2,-3.720283508E-3
1.089871569E2,9.918212891E-4
1.090248659E2,9.241104126E-4
1.090625750E2,8.554458618E-4
1.091002840E2,7.915496826E-4
1.091379930E2,5.215644836E-3
1.091757020E2,3.938674927E-4
1.092134110E2,3.776550293E-4
1.092511200E2,-8.587837219E-3
1.092888290E2,-8.005142212E-3
1.093265381E2,1.471519470E-3
1.093642471E2,1.382827759E-3
1.094019561E2,1.283645630E-3
1.094396651E2,5.658149719E-3
1.094773741E2,-3.659248352E-3
1.095150832E2,1.043319702E-3
1.095527922E2,5.451202393E-3
1.095905012E2,9.563446045E-3
1.096282102E2,2.861022949E-6
1.096659192E2,-4.768371582E-6
1.097036282E2,5.722045898E-6
1.097413373E2,-4.450798035E-3
1.097790463E2,4.772186279E-3
1.098167553E2,-4.486083984E-3
1.098544643E2,-4.177093506E-3
1.098921733E2,5.769729614E-4
1.099298823E2,5.311965942E-4
1.099675913E2,4.956245422E-3
1.100053003E2,-4.314422607E-3
1.100430094E2,-4.034042358E-3
1.100807184E2,6.933212280E-4
1.101184274E2,6.570816040E-4
1.101561364E2,6.065368652E-4
1.101938454E2,5.588531494E-4
1.102315544E2,-3.951072693E-3
1.102692634E2,7.543563843E-4
1.103069724E2,6.971359253E-4
1.103446814E2,6.608963013E-4
1.103823904E2,-3.855705261E-3
1.104200995E2,-3.600120544E-3
1.104578085E2,1.098632812E-3
1.104955175E2,-3.430366516E-3
1.105332265E2,1.274108887E-3
1.105709355E2,5.649566650E-3
1.106086445E2,7.982254028E-4
1.106463535E2,-8.177757263E-3
1.106840625E2,1.293182373E-3
1.107217715E2,1.188278198E-3
1.107594805E2,-3.363609314E-3
1.107971895E2,-3.113746643E-3
1.108348985E2,6.041526794E-3
1.108726075E2,5.631446838E-3
1.109103165E2,9.697914124E-3
1.109480256E2,4.578590393E-3
1.109857346E2,4.265785217E-3
1.110234436E2,-1.840305328E-2
1.110611526E2,-8.268356323E-3
1.110988616E2,-7.691383362E-3
1.111365706E2,1.747131348E-3
1.111742796E2,1.623153687E-3
1.112119886E2,-2.907752991E-3
1.112496976E2,1.716613770E-3
1.112874066E2,6.068229675E-3
1.113251156E2,1.221656799E-3
1.113628246E2,1.115798950E-3
1.114005336E2,9.956359863E-3
1.114382426E2,9.285926819E-3
1.114759516E2,4.211425781E-3
1.115136606E2,-9.499549866E-3
1.115513696E2,1.039505005E-4
1.115890786E2,4.573822021E-3
1.116267876E2,-4.666328430E-3
1.116644966E2,-4.372596741E-3
1.117022056E2,3.776550293E-4
1.117399146E2,3.623962402E-4
1.117776236E2,1.376438141E-2
1.118153326E2,1.731681824E-2
1.118530416E2,7.238388062E-3
1.118907506E2,-1.111221313E-2
1.119284596E2,-1.482772827E-2
1.119661686E2,-9.363174438E-3
1.120038776E2,-1.321220398E-2
1.120415866E2,5.534172058E-3
1.120792956E2,5.135536194E-3
1.121170046E2,1.370239258E-2
1.121547136E2,3.876686096E-3
1.121924226E2,8.093833923E-3
